code,name,level,parent_code,account_type,full_path
10000000,الموارد,1,,income,الموارد
11000000,الايرادات,2,10000000,income,الموارد / الايرادات
11100000,الباب الاول - الضرائب,3,11000000,income,الموارد / الايرادات / الباب الاول - الضرائب
11110000,الضرائب على الدخول والارباح والمكاسب الرأسمالية,4,11100000,income,الموارد / الايرادات / الباب الاول - الضرائب / الضرائب على الدخول والارباح والمكاسب الرأسمالية
11110100,الضرائب على الدخول من التوظف,5,11110000,income,الموارد / الايرادات / الباب الاول - الضرائب / الضرائب على الدخول والارباح والمكاسب الرأسمالية / الضرائب على الدخول من التوظف
11110101,الضرائب على المرتبات المحلية,6,11110100,income,الموارد / الايرادات / الباب الاول - الضرائب / الضرائب على الدخول والارباح والمكاسب الرأسمالية / الضرائب على الدخول من التوظف / الضرائب على المرتبات المحلية
11110102,الضرائب على رواتب العاملين بالخارج,6,11110100,income,الموارد / الايرادات / الباب الاول - الضرائب / الضرائب على الدخول والارباح والمكاسب الرأسمالية / الضرائب على الدخول من التوظف / الضرائب على رواتب العاملين بالخارج
11110103,ضرائب الدمغة على الرواتب,6,11110100,income,الموارد / الايرادات / الباب الاول - الضرائب / الضرائب على الدخول والارباح والمكاسب الرأسمالية / الضرائب على الدخول من التوظف / ضرائب الدمغة على الرواتب
11110104,رسم تنمية على المرتبات وما فى حكمها,6,11110100,income,الموارد / الايرادات / الباب الاول - الضرائب / الضرائب على الدخول والارباح والمكاسب الرأسمالية / الضرائب على الدخول من التوظف / رسم تنمية على المرتبات وما فى حكمها
11110200,الضرائب على دخول الافراد بخلاف التوظف,5,11110000,income,الموارد / الايرادات / الباب الاول - الضرائب / الضرائب على الدخول والارباح والمكاسب الرأسمالية / الضرائب على دخول الافراد بخلاف التوظف
11110201,الضرائب على المهن غير التجارية,6,11110200,income,الموارد / الايرادات / الباب الاول - الضرائب / الضرائب على الدخول والارباح والمكاسب الرأسمالية / الضرائب على دخول الافراد بخلاف التوظف / الضرائب على المهن غير التجارية
11110202,رسم تنمية على صافى المهن غير التجارية,6,11110200,income,الموارد / الايرادات / الباب الاول - الضرائب / الضرائب على الدخول والارباح والمكاسب الرأسمالية / الضرائب على دخول الافراد بخلاف التوظف / رسم تنمية على صافى المهن غير التجارية
11110203,ضرائب النشاط التجارى والصناعى,6,11110200,income,الموارد / الايرادات / الباب الاول - الضرائب / الضرائب على الدخول والارباح والمكاسب الرأسمالية / الضرائب على دخول الافراد بخلاف التوظف / ضرائب النشاط التجارى والصناعى
11110204,رسم تنمية على صافى أرباح النشاط التجارى والصناعى,6,11110200,income,الموارد / الايرادات / الباب الاول - الضرائب / الضرائب على الدخول والارباح والمكاسب الرأسمالية / الضرائب على دخول الافراد بخلاف التوظف / رسم تنمية على صافى أرباح النشاط التجارى والصناعى
11110205,نصيب المحليات من الضريبة على الأرباح التجارية والصناعية,6,11110200,income,الموارد / الايرادات / الباب الاول - الضرائب / الضرائب على الدخول والارباح والمكاسب الرأسمالية / الضرائب على دخول الافراد بخلاف التوظف / نصيب المحليات من الضريبة على الأرباح التجارية والصناعية
11110206,ضرائب على الفائدة من السندات ( رؤوس أموال منقولة ),6,11110200,income,الموارد / الايرادات / الباب الاول - الضرائب / الضرائب على الدخول والارباح والمكاسب الرأسمالية / الضرائب على دخول الافراد بخلاف التوظف / ضرائب على الفائدة من السندات ( رؤوس أموال منقولة )
11110207,الضريبة العامة على الدخل,6,11110200,income,الموارد / الايرادات / الباب الاول - الضرائب / الضرائب على الدخول والارباح والمكاسب الرأسمالية / الضرائب على دخول الافراد بخلاف التوظف / الضريبة العامة على الدخل
11110208,رسم تنمية على مايمنح لرؤساء وأعضاء مجالس الإدارة من مبالغ تدخل ضمن إيرادات رؤوس الأموال المنقولة,6,11110200,income,الموارد / الايرادات / الباب الاول - الضرائب / الضرائب على الدخول والارباح والمكاسب الرأسمالية / الضرائب على دخول الافراد بخلاف التوظف / رسم تنمية على مايمنح لرؤساء وأعضاء مجالس الإدارة من مبالغ تدخل ضمن إيرادات رؤوس الأموال المنقولة
11110209,ايرادات أخرى,6,11110200,income,الموارد / الايرادات / الباب الاول - الضرائب / الضرائب على الدخول والارباح والمكاسب الرأسمالية / الضرائب على دخول الافراد بخلاف التوظف / ايرادات أخرى
11110300,الضرائب على الارباح الرأسمالية,5,11110000,income,الموارد / الايرادات / الباب الاول - الضرائب / الضرائب على الدخول والارباح والمكاسب الرأسمالية / الضرائب على الارباح الرأسمالية
11110301,ضريبة الثروة العقارية,6,11110300,income,الموارد / الايرادات / الباب الاول - الضرائب / الضرائب على الدخول والارباح والمكاسب الرأسمالية / الضرائب على الارباح الرأسمالية / ضريبة الثروة العقارية
11110302,أخرى,6,11110300,income,الموارد / الايرادات / الباب الاول - الضرائب / الضرائب على الدخول والارباح والمكاسب الرأسمالية / الضرائب على الارباح الرأسمالية / أخرى
11110303,ضريبة توزيعات وارباح راسمالية,6,11110300,income,الموارد / الايرادات / الباب الاول - الضرائب / الضرائب على الدخول والارباح والمكاسب الرأسمالية / الضرائب على الارباح الرأسمالية / ضريبة توزيعات وارباح راسمالية
11110304,ضريبة على اعادة التقييم بما فى ذلك حالات الاندماج والتقسيم والاستحواذ,6,11110300,income,الموارد / الايرادات / الباب الاول - الضرائب / الضرائب على الدخول والارباح والمكاسب الرأسمالية / الضرائب على الارباح الرأسمالية / ضريبة على اعادة التقييم بما فى ذلك حالات الاندماج والتقسيم والاستحواذ
11110400,الضريبة على ارباح شركات الاموال,5,11110000,income,الموارد / الايرادات / الباب الاول - الضرائب / الضرائب على الدخول والارباح والمكاسب الرأسمالية / الضريبة على ارباح شركات الاموال
11110401,من هيئة البترول والشريك الاجنبى,6,11110400,income,الموارد / الايرادات / الباب الاول - الضرائب / الضرائب على الدخول والارباح والمكاسب الرأسمالية / الضريبة على ارباح شركات الاموال / من هيئة البترول والشريك الاجنبى
11110402,من قناة السويس,6,11110400,income,الموارد / الايرادات / الباب الاول - الضرائب / الضرائب على الدخول والارباح والمكاسب الرأسمالية / الضريبة على ارباح شركات الاموال / من قناة السويس
11110403,من البنك المركزى,6,11110400,income,الموارد / الايرادات / الباب الاول - الضرائب / الضرائب على الدخول والارباح والمكاسب الرأسمالية / الضريبة على ارباح شركات الاموال / من البنك المركزى
11110404,باقى الشركات,6,11110400,income,الموارد / الايرادات / الباب الاول - الضرائب / الضرائب على الدخول والارباح والمكاسب الرأسمالية / الضريبة على ارباح شركات الاموال / باقى الشركات
11110405,رسم تنمية على صافى أرباح الجهات المنصوص عليها فى المادة(111) من القانون رقم (157) لسنة 1981,6,11110400,income,الموارد / الايرادات / الباب الاول - الضرائب / الضرائب على الدخول والارباح والمكاسب الرأسمالية / الضريبة على ارباح شركات الاموال / رسم تنمية على صافى أرباح الجهات المنصوص عليها فى المادة(111) من القانون رقم (157) لسنة 1981
11110406,نصيب المحليات فى ضريبة قناة السويس,6,11110400,income,الموارد / الايرادات / الباب الاول - الضرائب / الضرائب على الدخول والارباح والمكاسب الرأسمالية / الضريبة على ارباح شركات الاموال / نصيب المحليات فى ضريبة قناة السويس
11110407,نصيب المحليات فى الضريبة على أرباح شركات الأموال,6,11110400,income,الموارد / الايرادات / الباب الاول - الضرائب / الضرائب على الدخول والارباح والمكاسب الرأسمالية / الضريبة على ارباح شركات الاموال / نصيب المحليات فى الضريبة على أرباح شركات الأموال
11110408,نصيب المحليات فى الصندوق المشترك,6,11110400,income,الموارد / الايرادات / الباب الاول - الضرائب / الضرائب على الدخول والارباح والمكاسب الرأسمالية / الضريبة على ارباح شركات الاموال / نصيب المحليات فى الصندوق المشترك
11110500,اخرى متنوعة,5,11110000,income,الموارد / الايرادات / الباب الاول - الضرائب / الضرائب على الدخول والارباح والمكاسب الرأسمالية / اخرى متنوعة
11110501,اخرى (تنشيط حصيلة),6,11110500,income,الموارد / الايرادات / الباب الاول - الضرائب / الضرائب على الدخول والارباح والمكاسب الرأسمالية / اخرى متنوعة / اخرى (تنشيط حصيلة)
11120000,الضرائب على الممتلكات,4,11100000,income,الموارد / الايرادات / الباب الاول - الضرائب / الضرائب على الممتلكات
11120100,ضرائب دوريه على الممتلكات,5,11120000,income,الموارد / الايرادات / الباب الاول - الضرائب / الضرائب على الممتلكات / ضرائب دوريه على الممتلكات
11120101,ضريبة الاراضى,6,11120100,income,الموارد / الايرادات / الباب الاول - الضرائب / الضرائب على الممتلكات / ضرائب دوريه على الممتلكات / ضريبة الاراضى
11120102,ضريبة المبانى,6,11120100,income,الموارد / الايرادات / الباب الاول - الضرائب / الضرائب على الممتلكات / ضرائب دوريه على الممتلكات / ضريبة المبانى
11120103,ضرائب دورية على صافى الثروه,6,11120100,income,الموارد / الايرادات / الباب الاول - الضرائب / الضرائب على الممتلكات / ضرائب دوريه على الممتلكات / ضرائب دورية على صافى الثروه
11120104,ضرائب على العقارات والمواريث والمنح,6,11120100,income,الموارد / الايرادات / الباب الاول - الضرائب / الضرائب على الممتلكات / ضرائب دوريه على الممتلكات / ضرائب على العقارات والمواريث والمنح
11120105,أخرى,6,11120100,income,الموارد / الايرادات / الباب الاول - الضرائب / الضرائب على الممتلكات / ضرائب دوريه على الممتلكات / أخرى
11120200,ضرائب على العمليات المالية التجارية والرأسمالية,5,11120000,income,الموارد / الايرادات / الباب الاول - الضرائب / الضرائب على الممتلكات / ضرائب على العمليات المالية التجارية والرأسمالية
11120201,رسوم نقل الملكية,6,11120200,income,الموارد / الايرادات / الباب الاول - الضرائب / الضرائب على الممتلكات / ضرائب على العمليات المالية التجارية والرأسمالية / رسوم نقل الملكية
11120202,ضرائب أذون وسندات الخزانة,6,11120200,income,الموارد / الايرادات / الباب الاول - الضرائب / الضرائب على الممتلكات / ضرائب على العمليات المالية التجارية والرأسمالية / ضرائب أذون وسندات الخزانة
11120300,ضرائب ورسوم على السيارات,5,11120000,income,الموارد / الايرادات / الباب الاول - الضرائب / الضرائب على الممتلكات / ضرائب ورسوم على السيارات
11120301,رسوم تنمية على السيارات ورخص القيادة,6,11120300,income,الموارد / الايرادات / الباب الاول - الضرائب / الضرائب على الممتلكات / ضرائب ورسوم على السيارات / رسوم تنمية على السيارات ورخص القيادة
11120302,رسوم تنمية على السيارات الجديدة المنتجة محلياً وجميع السيارات المستوردة من الخارج,6,11120300,income,الموارد / الايرادات / الباب الاول - الضرائب / الضرائب على الممتلكات / ضرائب ورسوم على السيارات / رسوم تنمية على السيارات الجديدة المنتجة محلياً وجميع السيارات المستوردة من الخارج
11120303,ضرائب ورسوم ذات صفة محلية على السيارات,6,11120300,income,الموارد / الايرادات / الباب الاول - الضرائب / الضرائب على الممتلكات / ضرائب ورسوم على السيارات / ضرائب ورسوم ذات صفة محلية على السيارات
11120304,ضرائب على السيارات الخاصة (تضمان اجتماعى),6,11120300,income,الموارد / الايرادات / الباب الاول - الضرائب / الضرائب على الممتلكات / ضرائب ورسوم على السيارات / ضرائب على السيارات الخاصة (تضمان اجتماعى)
11130000,الضرائب على السلع والخدمات,4,11100000,income,الموارد / الايرادات / الباب الاول - الضرائب / الضرائب على السلع والخدمات
11130100,الضريبة العامة على المبيعات,5,11130000,income,الموارد / الايرادات / الباب الاول - الضرائب / الضرائب على السلع والخدمات / الضريبة العامة على المبيعات
11130101,على السلع المحلية,6,11130100,income,الموارد / الايرادات / الباب الاول - الضرائب / الضرائب على السلع والخدمات / الضريبة العامة على المبيعات / على السلع المحلية
11130102,على البضائع المستوردة,6,11130100,income,الموارد / الايرادات / الباب الاول - الضرائب / الضرائب على السلع والخدمات / الضريبة العامة على المبيعات / على البضائع المستوردة
11130200,ضريبة المبيعات على الخدمات,5,11130000,income,الموارد / الايرادات / الباب الاول - الضرائب / الضرائب على السلع والخدمات / ضريبة المبيعات على الخدمات
11130201,الخدمات المقدمة فى الفنادق والمطاعم السياحية,6,11130200,income,الموارد / الايرادات / الباب الاول - الضرائب / الضرائب على السلع والخدمات / ضريبة المبيعات على الخدمات / الخدمات المقدمة فى الفنادق والمطاعم السياحية
11130202,خدمات التشغيل للغير,6,11130200,income,الموارد / الايرادات / الباب الاول - الضرائب / الضرائب على السلع والخدمات / ضريبة المبيعات على الخدمات / خدمات التشغيل للغير
11130203,خدمات الاتصالات الدولية والمحلية,6,11130200,income,الموارد / الايرادات / الباب الاول - الضرائب / الضرائب على السلع والخدمات / ضريبة المبيعات على الخدمات / خدمات الاتصالات الدولية والمحلية
11130204,خدمات أخرى,6,11130200,income,الموارد / الايرادات / الباب الاول - الضرائب / الضرائب على السلع والخدمات / ضريبة المبيعات على الخدمات / خدمات أخرى
11130300,"ضرائب على سلع جدول رقم ""1"" محلية",5,11130000,income,"الموارد / الايرادات / الباب الاول - الضرائب / الضرائب على السلع والخدمات / ضرائب على سلع جدول رقم ""1"" محلية"
11130301,الشاى,6,11130300,income,"الموارد / الايرادات / الباب الاول - الضرائب / الضرائب على السلع والخدمات / ضرائب على سلع جدول رقم ""1"" محلية / الشاى"
11130302,السكر,6,11130300,income,"الموارد / الايرادات / الباب الاول - الضرائب / الضرائب على السلع والخدمات / ضرائب على سلع جدول رقم ""1"" محلية / السكر"
11130303,مياه غازيه,6,11130300,income,"الموارد / الايرادات / الباب الاول - الضرائب / الضرائب على السلع والخدمات / ضرائب على سلع جدول رقم ""1"" محلية / مياه غازيه"
11130304,بيره,6,11130300,income,"الموارد / الايرادات / الباب الاول - الضرائب / الضرائب على السلع والخدمات / ضرائب على سلع جدول رقم ""1"" محلية / بيره"
11130305,تبغ وسجائر,6,11130300,income,"الموارد / الايرادات / الباب الاول - الضرائب / الضرائب على السلع والخدمات / ضرائب على سلع جدول رقم ""1"" محلية / تبغ وسجائر"
11130306,منتجات بترولية,6,11130300,income,"الموارد / الايرادات / الباب الاول - الضرائب / الضرائب على السلع والخدمات / ضرائب على سلع جدول رقم ""1"" محلية / منتجات بترولية"
11130307,الكحول,6,11130300,income,"الموارد / الايرادات / الباب الاول - الضرائب / الضرائب على السلع والخدمات / ضرائب على سلع جدول رقم ""1"" محلية / الكحول"
11130308,الادوية,6,11130300,income,"الموارد / الايرادات / الباب الاول - الضرائب / الضرائب على السلع والخدمات / ضرائب على سلع جدول رقم ""1"" محلية / الادوية"
11130309,زيوت طعام نباتيه,6,11130300,income,"الموارد / الايرادات / الباب الاول - الضرائب / الضرائب على السلع والخدمات / ضرائب على سلع جدول رقم ""1"" محلية / زيوت طعام نباتيه"
11130310,زيوت وشحوم,6,11130300,income,"الموارد / الايرادات / الباب الاول - الضرائب / الضرائب على السلع والخدمات / ضرائب على سلع جدول رقم ""1"" محلية / زيوت وشحوم"
11130311,اسمنت,6,11130300,income,"الموارد / الايرادات / الباب الاول - الضرائب / الضرائب على السلع والخدمات / ضرائب على سلع جدول رقم ""1"" محلية / اسمنت"
11130312,الجعة (البيرة) الكحولية (ضريبة جدول + ضريبة قيمة مضافة ),6,11130300,income,"الموارد / الايرادات / الباب الاول - الضرائب / الضرائب على السلع والخدمات / ضرائب على سلع جدول رقم ""1"" محلية / الجعة (البيرة) الكحولية (ضريبة جدول + ضريبة قيمة مضافة )"
11130313,محضرات عطور أو تطرية أو تجميل ومنتجات معدة للعناية بالجلد أو الشعر (ضريبة جدول +ضريبة قيمة مضافة ),6,11130300,income,"الموارد / الايرادات / الباب الاول - الضرائب / الضرائب على السلع والخدمات / ضرائب على سلع جدول رقم ""1"" محلية / محضرات عطور أو تطرية أو تجميل ومنتجات معدة للعناية بالجلد أو الشعر (ضريبة جدول +ضريبة قيمة مضافة )"
11130314,المقرمشات والمنتجات المصنعة من دقيق والحلوى من عجين عدا الخبز بجميع أنواعه,6,11130300,income,"الموارد / الايرادات / الباب الاول - الضرائب / الضرائب على السلع والخدمات / ضرائب على سلع جدول رقم ""1"" محلية / المقرمشات والمنتجات المصنعة من دقيق والحلوى من عجين عدا الخبز بجميع أنواعه"
11130315,البطاطس المصنعة (الشيبس وإبداله),6,11130300,income,"الموارد / الايرادات / الباب الاول - الضرائب / الضرائب على السلع والخدمات / ضرائب على سلع جدول رقم ""1"" محلية / البطاطس المصنعة (الشيبس وإبداله)"
11130316,الأسمدة والمبيدات الزراعية,6,11130300,income,"الموارد / الايرادات / الباب الاول - الضرائب / الضرائب على السلع والخدمات / ضرائب على سلع جدول رقم ""1"" محلية / الأسمدة والمبيدات الزراعية"
11130317,الجبس,6,11130300,income,"الموارد / الايرادات / الباب الاول - الضرائب / الضرائب على السلع والخدمات / ضرائب على سلع جدول رقم ""1"" محلية / الجبس"
11130318,الصابون والمنظفات الصناعية للاستخدام المنزلى,6,11130300,income,"الموارد / الايرادات / الباب الاول - الضرائب / الضرائب على السلع والخدمات / ضرائب على سلع جدول رقم ""1"" محلية / الصابون والمنظفات الصناعية للاستخدام المنزلى"
11130319,التليفزيونات (أكبر من 32 بوصة ) ، الثلاجات (أكبر من 16 قدم) ، الديب فريز (ضريبة جدول +ضريبة قيمة مضافة ),6,11130300,income,"الموارد / الايرادات / الباب الاول - الضرائب / الضرائب على السلع والخدمات / ضرائب على سلع جدول رقم ""1"" محلية / التليفزيونات (أكبر من 32 بوصة ) ، الثلاجات (أكبر من 16 قدم) ، الديب فريز (ضريبة جدول +ضريبة قيمة مضافة )"
11130320,أجهزة تكييف الهواء ووحداتها المستقلة (ضريبة جدول +ضريبة قيمة مضافة ),6,11130300,income,"الموارد / الايرادات / الباب الاول - الضرائب / الضرائب على السلع والخدمات / ضرائب على سلع جدول رقم ""1"" محلية / أجهزة تكييف الهواء ووحداتها المستقلة (ضريبة جدول +ضريبة قيمة مضافة )"
11130321,سيارات خاصة لنقل الأشخاص فى ملاعب الجولف ، وسيارات مماثلة (ضريبة جدول +ضريبة قيمة مضافة ),6,11130300,income,"الموارد / الايرادات / الباب الاول - الضرائب / الضرائب على السلع والخدمات / ضرائب على سلع جدول رقم ""1"" محلية / سيارات خاصة لنقل الأشخاص فى ملاعب الجولف ، وسيارات مماثلة (ضريبة جدول +ضريبة قيمة مضافة )"
11130322,سيارات ركوب حتى 1600سم3 أو ذات المحركات الدوارة فيما عدا المركبات ذات الثلاث عجلات التى تعمل بمحرك دراجة نارية (ضريبة جدول +ضريبة قيمة مضافة ),6,11130300,income,"الموارد / الايرادات / الباب الاول - الضرائب / الضرائب على السلع والخدمات / ضرائب على سلع جدول رقم ""1"" محلية / سيارات ركوب حتى 1600سم3 أو ذات المحركات الدوارة فيما عدا المركبات ذات الثلاث عجلات التى تعمل بمحرك دراجة نارية (ضريبة جدول +ضريبة قيمة مضافة )"
11130323,سيارات ركوب سعة السلندرات 1601 حتى 2000 سم3 أو ذات المحركات الدوارة ، وسيارات نقل البضائع والأشخاص معاً وسيارات الجيب وسيارات رحلات ومعسكرات مجهزة للمعيشة ومقطورات مجهزة للرحلات (ضريبة جدول +ضريبة قيمة مضافة ),6,11130300,income,"الموارد / الايرادات / الباب الاول - الضرائب / الضرائب على السلع والخدمات / ضرائب على سلع جدول رقم ""1"" محلية / سيارات ركوب سعة السلندرات 1601 حتى 2000 سم3 أو ذات المحركات الدوارة ، وسيارات نقل البضائع والأشخاص معاً وسيارات الجيب وسيارات رحلات ومعسكرات مجهزة للمعيشة ومقطورات مجهزة للرحلات (ضريبة جدول +ضريبة قيمة مضافة )"
11130324,سيارات ركوب سعة السلندرات أكثر من 2000 سم 3 أو ذات المحركات الدوارة (ضريبة جدول +ضريبة قيمة مضافة ),6,11130300,income,"الموارد / الايرادات / الباب الاول - الضرائب / الضرائب على السلع والخدمات / ضرائب على سلع جدول رقم ""1"" محلية / سيارات ركوب سعة السلندرات أكثر من 2000 سم 3 أو ذات المحركات الدوارة (ضريبة جدول +ضريبة قيمة مضافة )"
11130325,المقاولات وأعمال التشييد والبناء (توريد وتركيب),6,11130300,income,"الموارد / الايرادات / الباب الاول - الضرائب / الضرائب على السلع والخدمات / ضرائب على سلع جدول رقم ""1"" محلية / المقاولات وأعمال التشييد والبناء (توريد وتركيب)"
11130326,نوع (26) النقل المكيف بين المحافظات ( أتوبيس - سكة حديد ),6,11130300,income,"الموارد / الايرادات / الباب الاول - الضرائب / الضرائب على السلع والخدمات / ضرائب على سلع جدول رقم ""1"" محلية / نوع (26) النقل المكيف بين المحافظات ( أتوبيس - سكة حديد )"
11130327,الخدمات المهنية والاستشارية عدا خدمات الحرفيين,6,11130300,income,"الموارد / الايرادات / الباب الاول - الضرائب / الضرائب على السلع والخدمات / ضرائب على سلع جدول رقم ""1"" محلية / الخدمات المهنية والاستشارية عدا خدمات الحرفيين"
11130328,الإنتاج الاعلامى والبرامجى ، والأفلام السينمائية ، والتليفزيونية ، والتسجيلية والوثائقية وأعمال الدراما التليفزيونية ، والإذاعة والمسرحية,6,11130300,income,"الموارد / الايرادات / الباب الاول - الضرائب / الضرائب على السلع والخدمات / ضرائب على سلع جدول رقم ""1"" محلية / الإنتاج الاعلامى والبرامجى ، والأفلام السينمائية ، والتليفزيونية ، والتسجيلية والوثائقية وأعمال الدراما التليفزيونية ، والإذاعة والمسرحية"
11130329,خدمات الاتصالات عن طريق شبكات المحمول (ضريبة جدول +ضريبة قيمة مضافة ),6,11130300,income,"الموارد / الايرادات / الباب الاول - الضرائب / الضرائب على السلع والخدمات / ضرائب على سلع جدول رقم ""1"" محلية / خدمات الاتصالات عن طريق شبكات المحمول (ضريبة جدول +ضريبة قيمة مضافة )"
11130400,"ضرائب على سلع جدول رقم ""1"" مستوردة",5,11130000,income,"الموارد / الايرادات / الباب الاول - الضرائب / الضرائب على السلع والخدمات / ضرائب على سلع جدول رقم ""1"" مستوردة"
11130401,الشاى,6,11130400,income,"الموارد / الايرادات / الباب الاول - الضرائب / الضرائب على السلع والخدمات / ضرائب على سلع جدول رقم ""1"" مستوردة / الشاى"
11130402,السكر,6,11130400,income,"الموارد / الايرادات / الباب الاول - الضرائب / الضرائب على السلع والخدمات / ضرائب على سلع جدول رقم ""1"" مستوردة / السكر"
11130403,مياه غازيه,6,11130400,income,"الموارد / الايرادات / الباب الاول - الضرائب / الضرائب على السلع والخدمات / ضرائب على سلع جدول رقم ""1"" مستوردة / مياه غازيه"
11130404,بيره,6,11130400,income,"الموارد / الايرادات / الباب الاول - الضرائب / الضرائب على السلع والخدمات / ضرائب على سلع جدول رقم ""1"" مستوردة / بيره"
11130405,تبغ وسجائر,6,11130400,income,"الموارد / الايرادات / الباب الاول - الضرائب / الضرائب على السلع والخدمات / ضرائب على سلع جدول رقم ""1"" مستوردة / تبغ وسجائر"
11130406,منتجات بترولية,6,11130400,income,"الموارد / الايرادات / الباب الاول - الضرائب / الضرائب على السلع والخدمات / ضرائب على سلع جدول رقم ""1"" مستوردة / منتجات بترولية"
11130407,الكحول,6,11130400,income,"الموارد / الايرادات / الباب الاول - الضرائب / الضرائب على السلع والخدمات / ضرائب على سلع جدول رقم ""1"" مستوردة / الكحول"
11130408,الادوية,6,11130400,income,"الموارد / الايرادات / الباب الاول - الضرائب / الضرائب على السلع والخدمات / ضرائب على سلع جدول رقم ""1"" مستوردة / الادوية"
11130409,زيوت طعام نباتية,6,11130400,income,"الموارد / الايرادات / الباب الاول - الضرائب / الضرائب على السلع والخدمات / ضرائب على سلع جدول رقم ""1"" مستوردة / زيوت طعام نباتية"
11130410,زيوت وشحوم,6,11130400,income,"الموارد / الايرادات / الباب الاول - الضرائب / الضرائب على السلع والخدمات / ضرائب على سلع جدول رقم ""1"" مستوردة / زيوت وشحوم"
11130411,اسمنت,6,11130400,income,"الموارد / الايرادات / الباب الاول - الضرائب / الضرائب على السلع والخدمات / ضرائب على سلع جدول رقم ""1"" مستوردة / اسمنت"
11130412,سيارات ركوب سعة السلندرات أكثر من 2000 سم 3 أو ذات المحركات الدوارة (ضريبة جدول +ضريبة قيمة مضافة),6,11130400,income,"الموارد / الايرادات / الباب الاول - الضرائب / الضرائب على السلع والخدمات / ضرائب على سلع جدول رقم ""1"" مستوردة / سيارات ركوب سعة السلندرات أكثر من 2000 سم 3 أو ذات المحركات الدوارة (ضريبة جدول +ضريبة قيمة مضافة)"
11130500,الضرائب على الخدمات الخاصة,5,11130000,income,الموارد / الايرادات / الباب الاول - الضرائب / الضرائب على السلع والخدمات / الضرائب على الخدمات الخاصة
11130501,ضرائب على تذاكر السفر للخارج ( تضامن اجتماعى ),6,11130500,income,الموارد / الايرادات / الباب الاول - الضرائب / الضرائب على السلع والخدمات / الضرائب على الخدمات الخاصة / ضرائب على تذاكر السفر للخارج ( تضامن اجتماعى )
11130502,رسم تنمية على تذاكر السفر إلى الخارج الصادرة فى مصر بالعملة المحلية,6,11130500,income,الموارد / الايرادات / الباب الاول - الضرائب / الضرائب على السلع والخدمات / الضرائب على الخدمات الخاصة / رسم تنمية على تذاكر السفر إلى الخارج الصادرة فى مصر بالعملة المحلية
11130503,ضريبة الملاهى,6,11130500,income,الموارد / الايرادات / الباب الاول - الضرائب / الضرائب على السلع والخدمات / الضرائب على الخدمات الخاصة / ضريبة الملاهى
11130504,الأتاوة على القمار,6,11130500,income,الموارد / الايرادات / الباب الاول - الضرائب / الضرائب على السلع والخدمات / الضرائب على الخدمات الخاصة / الأتاوة على القمار
11130505,إيرادات غرامات وتعويضات قانون الضريبة على الدخل,6,11130500,income,الموارد / الايرادات / الباب الاول - الضرائب / الضرائب على السلع والخدمات / الضرائب على الخدمات الخاصة / إيرادات غرامات وتعويضات قانون الضريبة على الدخل
11130506,مقابل التأخير فى الضرائب,6,11130500,income,الموارد / الايرادات / الباب الاول - الضرائب / الضرائب على السلع والخدمات / الضرائب على الخدمات الخاصة / مقابل التأخير فى الضرائب
11130507,اخرى متتوعة,6,11130500,income,الموارد / الايرادات / الباب الاول - الضرائب / الضرائب على السلع والخدمات / الضرائب على الخدمات الخاصة / اخرى متتوعة
11130600,ضرائب الدمغة (عدا دمغة الماهيات ),5,11130000,income,الموارد / الايرادات / الباب الاول - الضرائب / الضرائب على السلع والخدمات / ضرائب الدمغة (عدا دمغة الماهيات )
11130601,الدمغة على النماذج المدموغة وطوابع الدمغة,6,11130600,income,الموارد / الايرادات / الباب الاول - الضرائب / الضرائب على السلع والخدمات / ضرائب الدمغة (عدا دمغة الماهيات ) / الدمغة على النماذج المدموغة وطوابع الدمغة
11130602,لدمغة على التأمين(القائم),6,11130600,income,الموارد / الايرادات / الباب الاول - الضرائب / الضرائب على السلع والخدمات / ضرائب الدمغة (عدا دمغة الماهيات ) / لدمغة على التأمين(القائم)
11130603,الدمغة على المراهنات واليانصيب,6,11130600,income,الموارد / الايرادات / الباب الاول - الضرائب / الضرائب على السلع والخدمات / ضرائب الدمغة (عدا دمغة الماهيات ) / الدمغة على المراهنات واليانصيب
11130604,الدمغة على أعمال البورصة,6,11130600,income,الموارد / الايرادات / الباب الاول - الضرائب / الضرائب على السلع والخدمات / ضرائب الدمغة (عدا دمغة الماهيات ) / الدمغة على أعمال البورصة
11130605,الدمغة على عقود اشتراكات المياه والنور والغاز والتليفون,6,11130600,income,الموارد / الايرادات / الباب الاول - الضرائب / الضرائب على السلع والخدمات / ضرائب الدمغة (عدا دمغة الماهيات ) / الدمغة على عقود اشتراكات المياه والنور والغاز والتليفون
11130606,الدمغة على استهلاك الغاز والكهرباء والبوتاجاز,6,11130600,income,الموارد / الايرادات / الباب الاول - الضرائب / الضرائب على السلع والخدمات / ضرائب الدمغة (عدا دمغة الماهيات ) / الدمغة على استهلاك الغاز والكهرباء والبوتاجاز
11130607,الدمغة على الإعلانات,6,11130600,income,الموارد / الايرادات / الباب الاول - الضرائب / الضرائب على السلع والخدمات / ضرائب الدمغة (عدا دمغة الماهيات ) / الدمغة على الإعلانات
11130608,الدمغة على أوراق وزارة العدل,6,11130600,income,الموارد / الايرادات / الباب الاول - الضرائب / الضرائب على السلع والخدمات / ضرائب الدمغة (عدا دمغة الماهيات ) / الدمغة على أوراق وزارة العدل
11130609,الدمغة على التصاريح والرخص الإدارية,6,11130600,income,الموارد / الايرادات / الباب الاول - الضرائب / الضرائب على السلع والخدمات / ضرائب الدمغة (عدا دمغة الماهيات ) / الدمغة على التصاريح والرخص الإدارية
11130610,الدمغة على بطاقات التموين,6,11130600,income,الموارد / الايرادات / الباب الاول - الضرائب / الضرائب على السلع والخدمات / ضرائب الدمغة (عدا دمغة الماهيات ) / الدمغة على بطاقات التموين
11130611,الدمغة على الشهادات والإقرارات,6,11130600,income,الموارد / الايرادات / الباب الاول - الضرائب / الضرائب على السلع والخدمات / ضرائب الدمغة (عدا دمغة الماهيات ) / الدمغة على الشهادات والإقرارات
11130612,الدمغة على العقود وما فى حكمها,6,11130600,income,الموارد / الايرادات / الباب الاول - الضرائب / الضرائب على السلع والخدمات / ضرائب الدمغة (عدا دمغة الماهيات ) / الدمغة على العقود وما فى حكمها
11130613,الدمغة على وثائق الأحوال الشخصية,6,11130600,income,الموارد / الايرادات / الباب الاول - الضرائب / الضرائب على السلع والخدمات / ضرائب الدمغة (عدا دمغة الماهيات ) / الدمغة على وثائق الأحوال الشخصية
11130614,الدمغة على وثائق الملاحة التجارية,6,11130600,income,الموارد / الايرادات / الباب الاول - الضرائب / الضرائب على السلع والخدمات / ضرائب الدمغة (عدا دمغة الماهيات ) / الدمغة على وثائق الملاحة التجارية
11130615,الدمغة على محاضر الشركات,6,11130600,income,الموارد / الايرادات / الباب الاول - الضرائب / الضرائب على السلع والخدمات / ضرائب الدمغة (عدا دمغة الماهيات ) / الدمغة على محاضر الشركات
11130616,الدمغة على الأوراق التجارية,6,11130600,income,الموارد / الايرادات / الباب الاول - الضرائب / الضرائب على السلع والخدمات / ضرائب الدمغة (عدا دمغة الماهيات ) / الدمغة على الأوراق التجارية
11130617,الدمغة على الإيصالات والمخالصات والفواتير,6,11130600,income,الموارد / الايرادات / الباب الاول - الضرائب / الضرائب على السلع والخدمات / ضرائب الدمغة (عدا دمغة الماهيات ) / الدمغة على الإيصالات والمخالصات والفواتير
11130618,الدمغة على الأعمال والمحررات المصرفية وما فى حكمها,6,11130600,income,الموارد / الايرادات / الباب الاول - الضرائب / الضرائب على السلع والخدمات / ضرائب الدمغة (عدا دمغة الماهيات ) / الدمغة على الأعمال والمحررات المصرفية وما فى حكمها
11130619,الدمغة على خدمات النقل,6,11130600,income,الموارد / الايرادات / الباب الاول - الضرائب / الضرائب على السلع والخدمات / ضرائب الدمغة (عدا دمغة الماهيات ) / الدمغة على خدمات النقل
11130620,الدمغة على تأسيس الشركات,6,11130600,income,الموارد / الايرادات / الباب الاول - الضرائب / الضرائب على السلع والخدمات / ضرائب الدمغة (عدا دمغة الماهيات ) / الدمغة على تأسيس الشركات
11130621,الدمغة على شهادات وكشوف الوزن,6,11130600,income,الموارد / الايرادات / الباب الاول - الضرائب / الضرائب على السلع والخدمات / ضرائب الدمغة (عدا دمغة الماهيات ) / الدمغة على شهادات وكشوف الوزن
11130622,الدمغة على الموازين والأجهزة الحاسبة,6,11130600,income,الموارد / الايرادات / الباب الاول - الضرائب / الضرائب على السلع والخدمات / ضرائب الدمغة (عدا دمغة الماهيات ) / الدمغة على الموازين والأجهزة الحاسبة
11130623,دمغة متنوعة,6,11130600,income,الموارد / الايرادات / الباب الاول - الضرائب / الضرائب على السلع والخدمات / ضرائب الدمغة (عدا دمغة الماهيات ) / دمغة متنوعة
11130700,رسم تنمية الموارد ( عدا ما يزيد على 18000 وعدا رسم التنميةعلى السيارات ),5,11130000,income,الموارد / الايرادات / الباب الاول - الضرائب / الضرائب على السلع والخدمات / رسم تنمية الموارد ( عدا ما يزيد على 18000 وعدا رسم التنميةعلى السيارات )
11130701,رسم تنمية على جوازات السفر,6,11130700,income,الموارد / الايرادات / الباب الاول - الضرائب / الضرائب على السلع والخدمات / رسم تنمية الموارد ( عدا ما يزيد على 18000 وعدا رسم التنميةعلى السيارات ) / رسم تنمية على جوازات السفر
11130702,رسم تنمية على إقامة الأجانب وما يتعلق بها,6,11130700,income,الموارد / الايرادات / الباب الاول - الضرائب / الضرائب على السلع والخدمات / رسم تنمية الموارد ( عدا ما يزيد على 18000 وعدا رسم التنميةعلى السيارات ) / رسم تنمية على إقامة الأجانب وما يتعلق بها
11130703,رسم تنمية على طلب الحصول على الجنسية المصرية,6,11130700,income,الموارد / الايرادات / الباب الاول - الضرائب / الضرائب على السلع والخدمات / رسم تنمية الموارد ( عدا ما يزيد على 18000 وعدا رسم التنميةعلى السيارات ) / رسم تنمية على طلب الحصول على الجنسية المصرية
11130704,رسم تنمية عند مغادرة أراضى الجمهورية,6,11130700,income,الموارد / الايرادات / الباب الاول - الضرائب / الضرائب على السلع والخدمات / رسم تنمية الموارد ( عدا ما يزيد على 18000 وعدا رسم التنميةعلى السيارات ) / رسم تنمية عند مغادرة أراضى الجمهورية
11130705,رسم تنمية على رخص السلاح,6,11130700,income,الموارد / الايرادات / الباب الاول - الضرائب / الضرائب على السلع والخدمات / رسم تنمية الموارد ( عدا ما يزيد على 18000 وعدا رسم التنميةعلى السيارات ) / رسم تنمية على رخص السلاح
11130706,رسم تنمية على المحررات وباقى الأوعية الخاضعة لضريبة الدمغة النوعية,6,11130700,income,الموارد / الايرادات / الباب الاول - الضرائب / الضرائب على السلع والخدمات / رسم تنمية الموارد ( عدا ما يزيد على 18000 وعدا رسم التنميةعلى السيارات ) / رسم تنمية على المحررات وباقى الأوعية الخاضعة لضريبة الدمغة النوعية
11130707,رسم تنمية على استخراج صور المحررات من مصلحة الشهر العقارى,6,11130700,income,الموارد / الايرادات / الباب الاول - الضرائب / الضرائب على السلع والخدمات / رسم تنمية الموارد ( عدا ما يزيد على 18000 وعدا رسم التنميةعلى السيارات ) / رسم تنمية على استخراج صور المحررات من مصلحة الشهر العقارى
11130708,رسم تنمية على شهادات الإعفاء من التجنيد,6,11130700,income,الموارد / الايرادات / الباب الاول - الضرائب / الضرائب على السلع والخدمات / رسم تنمية الموارد ( عدا ما يزيد على 18000 وعدا رسم التنميةعلى السيارات ) / رسم تنمية على شهادات الإعفاء من التجنيد
11130709,رسم تنمية على الشراء من الأسواق الحرة,6,11130700,income,الموارد / الايرادات / الباب الاول - الضرائب / الضرائب على السلع والخدمات / رسم تنمية الموارد ( عدا ما يزيد على 18000 وعدا رسم التنميةعلى السيارات ) / رسم تنمية على الشراء من الأسواق الحرة
11130710,رسم تنمية على الحفلات والخدمات الترفيهية التى تقام فى الفنادق والمحلات العامة السياحية,6,11130700,income,الموارد / الايرادات / الباب الاول - الضرائب / الضرائب على السلع والخدمات / رسم تنمية الموارد ( عدا ما يزيد على 18000 وعدا رسم التنميةعلى السيارات ) / رسم تنمية على الحفلات والخدمات الترفيهية التى تقام فى الفنادق والمحلات العامة السياحية
11130711,رسم تنمية على الشاليهات والكباين والأكشاك التى تقع فى المصايف والمشاتى أيا كان نوعها,6,11130700,income,الموارد / الايرادات / الباب الاول - الضرائب / الضرائب على السلع والخدمات / رسم تنمية الموارد ( عدا ما يزيد على 18000 وعدا رسم التنميةعلى السيارات ) / رسم تنمية على الشاليهات والكباين والأكشاك التى تقع فى المصايف والمشاتى أيا كان نوعها
11130712,رسم تنمية على موارد أخرى,6,11130700,income,الموارد / الايرادات / الباب الاول - الضرائب / الضرائب على السلع والخدمات / رسم تنمية الموارد ( عدا ما يزيد على 18000 وعدا رسم التنميةعلى السيارات ) / رسم تنمية على موارد أخرى
11130713,رسم تنمية على المحاجر,6,11130700,income,الموارد / الايرادات / الباب الاول - الضرائب / الضرائب على السلع والخدمات / رسم تنمية الموارد ( عدا ما يزيد على 18000 وعدا رسم التنميةعلى السيارات ) / رسم تنمية على المحاجر
11130714,رسم تنمية على خدمات المحمول,6,11130700,income,الموارد / الايرادات / الباب الاول - الضرائب / الضرائب على السلع والخدمات / رسم تنمية الموارد ( عدا ما يزيد على 18000 وعدا رسم التنميةعلى السيارات ) / رسم تنمية على خدمات المحمول
11130715,رسم تنمية على عقود شراء أو بيع أو إعارة أو تجديد أو غيرها من عقود اللاعبين الرياضيين مصرين أو أجانب وعقود الأجهزة الفنية والإدارية والمديرين الفنيين مصريين أو أجانب لأي لعبة رياضية,6,11130700,income,الموارد / الايرادات / الباب الاول - الضرائب / الضرائب على السلع والخدمات / رسم تنمية الموارد ( عدا ما يزيد على 18000 وعدا رسم التنميةعلى السيارات ) / رسم تنمية على عقود شراء أو بيع أو إعارة أو تجديد أو غيرها من عقود اللاعبين الرياضيين مصرين أو أجانب وعقود الأجهزة الفنية والإدارية والمديرين الفنيين مصريين أو أجانب لأي لعبة رياضية
11130716,رسم تنمية على تراخيص شركات الخدمات الرياضية المنشأة طبقاً لقانون الرياضة,6,11130700,income,الموارد / الايرادات / الباب الاول - الضرائب / الضرائب على السلع والخدمات / رسم تنمية الموارد ( عدا ما يزيد على 18000 وعدا رسم التنميةعلى السيارات ) / رسم تنمية على تراخيص شركات الخدمات الرياضية المنشأة طبقاً لقانون الرياضة
11130717,رسم تنمية على أغذية الكلاب والقطط والطيور الأليفة للزينة,6,11130700,income,الموارد / الايرادات / الباب الاول - الضرائب / الضرائب على السلع والخدمات / رسم تنمية الموارد ( عدا ما يزيد على 18000 وعدا رسم التنميةعلى السيارات ) / رسم تنمية على أغذية الكلاب والقطط والطيور الأليفة للزينة
11130718,رسم تنمية على منتج البنزين بأنواعه ومنتج السولار,6,11130700,income,الموارد / الايرادات / الباب الاول - الضرائب / الضرائب على السلع والخدمات / رسم تنمية الموارد ( عدا ما يزيد على 18000 وعدا رسم التنميةعلى السيارات ) / رسم تنمية على منتج البنزين بأنواعه ومنتج السولار
11130719,رسم تنمية على أجهزة التليفون المحمول وأجزاءه وجميع الأكسسوارات الخاصة به,6,11130700,income,الموارد / الايرادات / الباب الاول - الضرائب / الضرائب على السلع والخدمات / رسم تنمية الموارد ( عدا ما يزيد على 18000 وعدا رسم التنميةعلى السيارات ) / رسم تنمية على أجهزة التليفون المحمول وأجزاءه وجميع الأكسسوارات الخاصة به
11130720,رسم تنمية على التبغ الخام أو غير المصنع وفضلات التبغ بكل أشكاله,6,11130700,income,الموارد / الايرادات / الباب الاول - الضرائب / الضرائب على السلع والخدمات / رسم تنمية الموارد ( عدا ما يزيد على 18000 وعدا رسم التنميةعلى السيارات ) / رسم تنمية على التبغ الخام أو غير المصنع وفضلات التبغ بكل أشكاله
11130721,رسم تنمية على جميع أنواع الحديد تام الصنع الوارد من الخارج سواء من خلائط أو غير خلائط,6,11130700,income,الموارد / الايرادات / الباب الاول - الضرائب / الضرائب على السلع والخدمات / رسم تنمية الموارد ( عدا ما يزيد على 18000 وعدا رسم التنميةعلى السيارات ) / رسم تنمية على جميع أنواع الحديد تام الصنع الوارد من الخارج سواء من خلائط أو غير خلائط
11130722,"رسم تنمية (2,5%) من قيمة فاتورة الإنترنت للشركات والمنشآت التجارية",6,11130700,income,"الموارد / الايرادات / الباب الاول - الضرائب / الضرائب على السلع والخدمات / رسم تنمية الموارد ( عدا ما يزيد على 18000 وعدا رسم التنميةعلى السيارات ) / رسم تنمية (2,5%) من قيمة فاتورة الإنترنت للشركات والمنشآت التجارية"
11130723,شرة فى المائة من قيمة الفاتورة للأغراض الجمركية مضافا إليها الضريبة الجمركية,6,11130700,income,الموارد / الايرادات / الباب الاول - الضرائب / الضرائب على السلع والخدمات / رسم تنمية الموارد ( عدا ما يزيد على 18000 وعدا رسم التنميةعلى السيارات ) / شرة فى المائة من قيمة الفاتورة للأغراض الجمركية مضافا إليها الضريبة الجمركية
11130800,ضرائب على استخدام السلع والترخيص باستخدامها وتأدية الانشطة,5,11130000,income,الموارد / الايرادات / الباب الاول - الضرائب / الضرائب على السلع والخدمات / ضرائب على استخدام السلع والترخيص باستخدامها وتأدية الانشطة
11130801,الاتاوة على قناة السويس,6,11130800,income,الموارد / الايرادات / الباب الاول - الضرائب / الضرائب على السلع والخدمات / ضرائب على استخدام السلع والترخيص باستخدامها وتأدية الانشطة / الاتاوة على قناة السويس
11130802,الاتاوة على استخدام الطريق النهرى,6,11130800,income,الموارد / الايرادات / الباب الاول - الضرائب / الضرائب على السلع والخدمات / ضرائب على استخدام السلع والترخيص باستخدامها وتأدية الانشطة / الاتاوة على استخدام الطريق النهرى
11130803,رسوم ترخيص العمل للاجانب,6,11130800,income,الموارد / الايرادات / الباب الاول - الضرائب / الضرائب على السلع والخدمات / ضرائب على استخدام السلع والترخيص باستخدامها وتأدية الانشطة / رسوم ترخيص العمل للاجانب
11130804,إيرادات ورسوم ذات صفة محلية,6,11130800,income,الموارد / الايرادات / الباب الاول - الضرائب / الضرائب على السلع والخدمات / ضرائب على استخدام السلع والترخيص باستخدامها وتأدية الانشطة / إيرادات ورسوم ذات صفة محلية
11130805,المصروفات الادارية للعمليات الاستيرادية,6,11130800,income,الموارد / الايرادات / الباب الاول - الضرائب / الضرائب على السلع والخدمات / ضرائب على استخدام السلع والترخيص باستخدامها وتأدية الانشطة / المصروفات الادارية للعمليات الاستيرادية
11130806,رسوم العبور (سوميد),6,11130800,income,الموارد / الايرادات / الباب الاول - الضرائب / الضرائب على السلع والخدمات / ضرائب على استخدام السلع والترخيص باستخدامها وتأدية الانشطة / رسوم العبور (سوميد)
11130807,رسوم الموانى والمنائر,6,11130800,income,الموارد / الايرادات / الباب الاول - الضرائب / الضرائب على السلع والخدمات / ضرائب على استخدام السلع والترخيص باستخدامها وتأدية الانشطة / رسوم الموانى والمنائر
11130808,رسوم الاجراءات القنصلية,6,11130800,income,الموارد / الايرادات / الباب الاول - الضرائب / الضرائب على السلع والخدمات / ضرائب على استخدام السلع والترخيص باستخدامها وتأدية الانشطة / رسوم الاجراءات القنصلية
11130809,رسوم حليج الاقطان,6,11130800,income,الموارد / الايرادات / الباب الاول - الضرائب / الضرائب على السلع والخدمات / ضرائب على استخدام السلع والترخيص باستخدامها وتأدية الانشطة / رسوم حليج الاقطان
11130810,رسوم على جوازات السفر,6,11130800,income,الموارد / الايرادات / الباب الاول - الضرائب / الضرائب على السلع والخدمات / ضرائب على استخدام السلع والترخيص باستخدامها وتأدية الانشطة / رسوم على جوازات السفر
11130811,رسوم تصاريح العمل,6,11130800,income,الموارد / الايرادات / الباب الاول - الضرائب / الضرائب على السلع والخدمات / ضرائب على استخدام السلع والترخيص باستخدامها وتأدية الانشطة / رسوم تصاريح العمل
11130812,رسوم تحقيق الشخصية,6,11130800,income,الموارد / الايرادات / الباب الاول - الضرائب / الضرائب على السلع والخدمات / ضرائب على استخدام السلع والترخيص باستخدامها وتأدية الانشطة / رسوم تحقيق الشخصية
11130813,رسم صادر على الصادارات,6,11130800,income,الموارد / الايرادات / الباب الاول - الضرائب / الضرائب على السلع والخدمات / ضرائب على استخدام السلع والترخيص باستخدامها وتأدية الانشطة / رسم صادر على الصادارات
11140000,ضرائب التجارة الدولية,4,11100000,income,الموارد / الايرادات / الباب الاول - الضرائب / ضرائب التجارة الدولية
11140100,ضرائب على الواردات,5,11140000,income,الموارد / الايرادات / الباب الاول - الضرائب / ضرائب التجارة الدولية / ضرائب على الواردات
11140101,ضرائب جمركية قيمية,6,11140100,income,الموارد / الايرادات / الباب الاول - الضرائب / ضرائب التجارة الدولية / ضرائب على الواردات / ضرائب جمركية قيمية
11140102,ضرائب جمركية على السجائر والتبغ والدخان,6,11140100,income,الموارد / الايرادات / الباب الاول - الضرائب / ضرائب التجارة الدولية / ضرائب على الواردات / ضرائب جمركية على السجائر والتبغ والدخان
11140200,الضرائب على التجارة الدولية أخرى,5,11140000,income,الموارد / الايرادات / الباب الاول - الضرائب / ضرائب التجارة الدولية / الضرائب على التجارة الدولية أخرى
11140201,الضرائب على الصادرات,6,11140200,income,الموارد / الايرادات / الباب الاول - الضرائب / ضرائب التجارة الدولية / الضرائب على التجارة الدولية أخرى / الضرائب على الصادرات
11140202,ارباح الشركات المحتكرة للسلع المستوردة أو المصدرة,6,11140200,income,الموارد / الايرادات / الباب الاول - الضرائب / ضرائب التجارة الدولية / الضرائب على التجارة الدولية أخرى / ارباح الشركات المحتكرة للسلع المستوردة أو المصدرة
11140203,نصيب المحليات فى الضريبة على الصادرات والواردات,6,11140200,income,الموارد / الايرادات / الباب الاول - الضرائب / ضرائب التجارة الدولية / الضرائب على التجارة الدولية أخرى / نصيب المحليات فى الضريبة على الصادرات والواردات
11140204,الضريبة الجمركية المخصصة لدعم النقل البحرى,6,11140200,income,الموارد / الايرادات / الباب الاول - الضرائب / ضرائب التجارة الدولية / الضرائب على التجارة الدولية أخرى / الضريبة الجمركية المخصصة لدعم النقل البحرى
11140205,إيرادات الغرامات,6,11140200,income,الموارد / الايرادات / الباب الاول - الضرائب / ضرائب التجارة الدولية / الضرائب على التجارة الدولية أخرى / إيرادات الغرامات
11140206,إيرادات المضبوطات,6,11140200,income,الموارد / الايرادات / الباب الاول - الضرائب / ضرائب التجارة الدولية / الضرائب على التجارة الدولية أخرى / إيرادات المضبوطات
11140207,اخرى,6,11140200,income,الموارد / الايرادات / الباب الاول - الضرائب / ضرائب التجارة الدولية / الضرائب على التجارة الدولية أخرى / اخرى
11150000,ضرائب أخرى,4,11100000,income,الموارد / الايرادات / الباب الاول - الضرائب / ضرائب أخرى
11150100,على الاعمال التجارية,5,11150000,income,الموارد / الايرادات / الباب الاول - الضرائب / ضرائب أخرى / على الاعمال التجارية
11150101,ايرادات رؤوس أموال منقولة من البنك المركزى,6,11150100,income,الموارد / الايرادات / الباب الاول - الضرائب / ضرائب أخرى / على الاعمال التجارية / ايرادات رؤوس أموال منقولة من البنك المركزى
11150102,ايرادات رؤوس أموال منقولة من جهات اخرى,6,11150100,income,الموارد / الايرادات / الباب الاول - الضرائب / ضرائب أخرى / على الاعمال التجارية / ايرادات رؤوس أموال منقولة من جهات اخرى
11150103,نصيب المحليات فى الضريبة على رؤوس الأموال المنقولة,6,11150100,income,الموارد / الايرادات / الباب الاول - الضرائب / ضرائب أخرى / على الاعمال التجارية / نصيب المحليات فى الضريبة على رؤوس الأموال المنقولة
11150104,الضرائب على عوائد أذون الخزانة,6,11150100,income,الموارد / الايرادات / الباب الاول - الضرائب / ضرائب أخرى / على الاعمال التجارية / الضرائب على عوائد أذون الخزانة
11150105,المحصل من مقابل الاعفاءات الضريبية,6,11150100,income,الموارد / الايرادات / الباب الاول - الضرائب / ضرائب أخرى / على الاعمال التجارية / المحصل من مقابل الاعفاءات الضريبية
11150200,المتحصلات بالوسائل الإلكترونية,5,11150000,income,الموارد / الايرادات / الباب الاول - الضرائب / ضرائب أخرى / المتحصلات بالوسائل الإلكترونية
11150201,متحصلات الكترونية عن اذون تسوية,6,11150200,income,الموارد / الايرادات / الباب الاول - الضرائب / ضرائب أخرى / المتحصلات بالوسائل الإلكترونية / متحصلات الكترونية عن اذون تسوية
11150202,متحصلات الكترونية اخرى,6,11150200,income,الموارد / الايرادات / الباب الاول - الضرائب / ضرائب أخرى / المتحصلات بالوسائل الإلكترونية / متحصلات الكترونية اخرى
11200000,لباب الثانى - المنح,3,11000000,income,الموارد / الايرادات / لباب الثانى - المنح
11210000,منح من حكومات أجنبية,4,11200000,income,الموارد / الايرادات / لباب الثانى - المنح / منح من حكومات أجنبية
11210100,جارية,5,11210000,income,الموارد / الايرادات / لباب الثانى - المنح / منح من حكومات أجنبية / جارية
11210101,اخرى,6,11210100,income,الموارد / الايرادات / لباب الثانى - المنح / منح من حكومات أجنبية / جارية / اخرى
11210200,رأسمالية,5,11210000,income,الموارد / الايرادات / لباب الثانى - المنح / منح من حكومات أجنبية / رأسمالية
11210201,لتمويل الأستثمارات,6,11210200,income,الموارد / الايرادات / لباب الثانى - المنح / منح من حكومات أجنبية / رأسمالية / لتمويل الأستثمارات
11210202,أخرى,6,11210200,income,الموارد / الايرادات / لباب الثانى - المنح / منح من حكومات أجنبية / رأسمالية / أخرى
11220000,منح من منظمات دولية,4,11200000,income,الموارد / الايرادات / لباب الثانى - المنح / منح من منظمات دولية
11220100,جارية,5,11220000,income,الموارد / الايرادات / لباب الثانى - المنح / منح من منظمات دولية / جارية
11220101,اخرى,6,11220100,income,الموارد / الايرادات / لباب الثانى - المنح / منح من منظمات دولية / جارية / اخرى
11220200,رأسمالية,5,11220000,income,الموارد / الايرادات / لباب الثانى - المنح / منح من منظمات دولية / رأسمالية
11220201,لتمويل الأستثمارات,6,11220200,income,الموارد / الايرادات / لباب الثانى - المنح / منح من منظمات دولية / رأسمالية / لتمويل الأستثمارات
11220202,أخرى,6,11220200,income,الموارد / الايرادات / لباب الثانى - المنح / منح من منظمات دولية / رأسمالية / أخرى
11230000,منح من جهات حكومية,4,11200000,income,الموارد / الايرادات / لباب الثانى - المنح / منح من جهات حكومية
11230100,جارية,5,11230000,income,الموارد / الايرادات / لباب الثانى - المنح / منح من جهات حكومية / جارية
11230101,اخرى,6,11230100,income,الموارد / الايرادات / لباب الثانى - المنح / منح من جهات حكومية / جارية / اخرى
11230200,رأسمالية,5,11230000,income,الموارد / الايرادات / لباب الثانى - المنح / منح من جهات حكومية / رأسمالية
11230201,لتمويل الأستثمارات,6,11230200,income,الموارد / الايرادات / لباب الثانى - المنح / منح من جهات حكومية / رأسمالية / لتمويل الأستثمارات
11230202,أخرى,6,11230200,income,الموارد / الايرادات / لباب الثانى - المنح / منح من جهات حكومية / رأسمالية / أخرى
11300000,لباب الثالث - الإيرادات الأخرى,3,11000000,income,الموارد / الايرادات / لباب الثالث - الإيرادات الأخرى
11310000,عوائد الملكية,4,11300000,income,الموارد / الايرادات / لباب الثالث - الإيرادات الأخرى / عوائد الملكية
11310100,الفوائد المحصلة,5,11310000,income,الموارد / الايرادات / لباب الثالث - الإيرادات الأخرى / عوائد الملكية / الفوائد المحصلة
11310101,على السندات,6,11310100,income,الموارد / الايرادات / لباب الثالث - الإيرادات الأخرى / عوائد الملكية / الفوائد المحصلة / على السندات
11310102,على الإقراض,6,11310100,income,الموارد / الايرادات / لباب الثالث - الإيرادات الأخرى / عوائد الملكية / الفوائد المحصلة / على الإقراض
11310103,على إعادة الإقراض من القروض الخارجية المعاد أقراضها من الخزانة العامة,6,11310100,income,الموارد / الايرادات / لباب الثالث - الإيرادات الأخرى / عوائد الملكية / الفوائد المحصلة / على إعادة الإقراض من القروض الخارجية المعاد أقراضها من الخزانة العامة
11310104,فوائد دائنة,6,11310100,income,الموارد / الايرادات / لباب الثالث - الإيرادات الأخرى / عوائد الملكية / الفوائد المحصلة / فوائد دائنة
11310105,أخرى,6,11310100,income,الموارد / الايرادات / لباب الثالث - الإيرادات الأخرى / عوائد الملكية / الفوائد المحصلة / أخرى
11310200,أرباح الأسهم,5,11310000,income,الموارد / الايرادات / لباب الثالث - الإيرادات الأخرى / عوائد الملكية / أرباح الأسهم
11310201,شركات القطاع الخاص,6,11310200,income,الموارد / الايرادات / لباب الثالث - الإيرادات الأخرى / عوائد الملكية / أرباح الأسهم / شركات القطاع الخاص
11310202,الهيئات الأقتصادية,6,11310200,income,الموارد / الايرادات / لباب الثالث - الإيرادات الأخرى / عوائد الملكية / أرباح الأسهم / الهيئات الأقتصادية
11310203,البنك المركزى,6,11310200,income,الموارد / الايرادات / لباب الثالث - الإيرادات الأخرى / عوائد الملكية / أرباح الأسهم / البنك المركزى
11310204,شركات القطاع العام,6,11310200,income,الموارد / الايرادات / لباب الثالث - الإيرادات الأخرى / عوائد الملكية / أرباح الأسهم / شركات القطاع العام
11310205,شركات قطاع الأعمال العام,6,11310200,income,الموارد / الايرادات / لباب الثالث - الإيرادات الأخرى / عوائد الملكية / أرباح الأسهم / شركات قطاع الأعمال العام
11310206,هيئة البترول,6,11310200,income,الموارد / الايرادات / لباب الثالث - الإيرادات الأخرى / عوائد الملكية / أرباح الأسهم / هيئة البترول
11310207,قناة السويس,6,11310200,income,الموارد / الايرادات / لباب الثالث - الإيرادات الأخرى / عوائد الملكية / أرباح الأسهم / قناة السويس
11310208,أرباح أوراق مالية,6,11310200,income,الموارد / الايرادات / لباب الثالث - الإيرادات الأخرى / عوائد الملكية / أرباح الأسهم / أرباح أوراق مالية
11310300,عائد الإيجارات,5,11310000,income,الموارد / الايرادات / لباب الثالث - الإيرادات الأخرى / عوائد الملكية / عائد الإيجارات
11310301,اتاوة البترول,6,11310300,income,الموارد / الايرادات / لباب الثالث - الإيرادات الأخرى / عوائد الملكية / عائد الإيجارات / اتاوة البترول
11310302,إيجار أراضى حكومية,6,11310300,income,الموارد / الايرادات / لباب الثالث - الإيرادات الأخرى / عوائد الملكية / عائد الإيجارات / إيجار أراضى حكومية
11310303,إيرادات المناجم,6,11310300,income,الموارد / الايرادات / لباب الثالث - الإيرادات الأخرى / عوائد الملكية / عائد الإيجارات / إيرادات المناجم
11310304,إيرادات المرافق التى تديرها المحليات,6,11310300,income,الموارد / الايرادات / لباب الثالث - الإيرادات الأخرى / عوائد الملكية / عائد الإيجارات / إيرادات المرافق التى تديرها المحليات
11310305,إيرادات استغلال الأراضى السياحية,6,11310300,income,الموارد / الايرادات / لباب الثالث - الإيرادات الأخرى / عوائد الملكية / عائد الإيجارات / إيرادات استغلال الأراضى السياحية
11310306,أخرى (من هيئة البترول),6,11310300,income,الموارد / الايرادات / لباب الثالث - الإيرادات الأخرى / عوائد الملكية / عائد الإيجارات / أخرى (من هيئة البترول)
11310307,اتاوة الذهب,6,11310300,income,الموارد / الايرادات / لباب الثالث - الإيرادات الأخرى / عوائد الملكية / عائد الإيجارات / اتاوة الذهب
11310400,عوائد ملكية أخرى,5,11310000,income,الموارد / الايرادات / لباب الثالث - الإيرادات الأخرى / عوائد الملكية / عوائد ملكية أخرى
11310401,الرخصة الثالثة للمحمول,6,11310400,income,الموارد / الايرادات / لباب الثالث - الإيرادات الأخرى / عوائد الملكية / عوائد ملكية أخرى / الرخصة الثالثة للمحمول
11310402,الجيل الثالث للمحمول,6,11310400,income,الموارد / الايرادات / لباب الثالث - الإيرادات الأخرى / عوائد الملكية / عوائد ملكية أخرى / الجيل الثالث للمحمول
11310403,مقابل منح تراخيص الأسمنت,6,11310400,income,الموارد / الايرادات / لباب الثالث - الإيرادات الأخرى / عوائد الملكية / عوائد ملكية أخرى / مقابل منح تراخيص الأسمنت
11310404,رخصة التليفون الثابت,6,11310400,income,الموارد / الايرادات / لباب الثالث - الإيرادات الأخرى / عوائد الملكية / عوائد ملكية أخرى / رخصة التليفون الثابت
11310406,رخصة الجيل الرابع للمحمول,6,11310400,income,الموارد / الايرادات / لباب الثالث - الإيرادات الأخرى / عوائد الملكية / عوائد ملكية أخرى / رخصة الجيل الرابع للمحمول
11320000,حصيلة بيع السلع والخدمات,4,11300000,income,الموارد / الايرادات / لباب الثالث - الإيرادات الأخرى / حصيلة بيع السلع والخدمات
11320100,إيرادات الخدمات,5,11320000,income,الموارد / الايرادات / لباب الثالث - الإيرادات الأخرى / حصيلة بيع السلع والخدمات / إيرادات الخدمات
11320101,رسوم قضائية وغرامات (خدمات العدالة عدا رسوم نقل الملكية),6,11320100,income,الموارد / الايرادات / لباب الثالث - الإيرادات الأخرى / حصيلة بيع السلع والخدمات / إيرادات الخدمات / رسوم قضائية وغرامات (خدمات العدالة عدا رسوم نقل الملكية)
11320102,رسوم قيد وتسجيل ورقابة واشراف,6,11320100,income,الموارد / الايرادات / لباب الثالث - الإيرادات الأخرى / حصيلة بيع السلع والخدمات / إيرادات الخدمات / رسوم قيد وتسجيل ورقابة واشراف
11320103,الخدمات الجمركية,6,11320100,income,الموارد / الايرادات / لباب الثالث - الإيرادات الأخرى / حصيلة بيع السلع والخدمات / إيرادات الخدمات / الخدمات الجمركية
11320104,الخدمات الزراعية,6,11320100,income,الموارد / الايرادات / لباب الثالث - الإيرادات الأخرى / حصيلة بيع السلع والخدمات / إيرادات الخدمات / الخدمات الزراعية
11320105,الخدمات التعليمية,6,11320100,income,الموارد / الايرادات / لباب الثالث - الإيرادات الأخرى / حصيلة بيع السلع والخدمات / إيرادات الخدمات / الخدمات التعليمية
11320106,الخدمات الصحية,6,11320100,income,الموارد / الايرادات / لباب الثالث - الإيرادات الأخرى / حصيلة بيع السلع والخدمات / إيرادات الخدمات / الخدمات الصحية
11320107,الخدمات الثقافية,6,11320100,income,الموارد / الايرادات / لباب الثالث - الإيرادات الأخرى / حصيلة بيع السلع والخدمات / إيرادات الخدمات / الخدمات الثقافية
11320108,خدمات الاسكان والتعمير,6,11320100,income,الموارد / الايرادات / لباب الثالث - الإيرادات الأخرى / حصيلة بيع السلع والخدمات / إيرادات الخدمات / خدمات الاسكان والتعمير
11320109,الخدمات الاجتماعية,6,11320100,income,الموارد / الايرادات / لباب الثالث - الإيرادات الأخرى / حصيلة بيع السلع والخدمات / إيرادات الخدمات / الخدمات الاجتماعية
11320110,الخدمات التموينية,6,11320100,income,الموارد / الايرادات / لباب الثالث - الإيرادات الأخرى / حصيلة بيع السلع والخدمات / إيرادات الخدمات / الخدمات التموينية
11320111,خدمات القوى العاملة,6,11320100,income,الموارد / الايرادات / لباب الثالث - الإيرادات الأخرى / حصيلة بيع السلع والخدمات / إيرادات الخدمات / خدمات القوى العاملة
11320112,خدمات الطرق والمواصلات,6,11320100,income,الموارد / الايرادات / لباب الثالث - الإيرادات الأخرى / حصيلة بيع السلع والخدمات / إيرادات الخدمات / خدمات الطرق والمواصلات
11320113,خدمات الشباب والرياضة,6,11320100,income,الموارد / الايرادات / لباب الثالث - الإيرادات الأخرى / حصيلة بيع السلع والخدمات / إيرادات الخدمات / خدمات الشباب والرياضة
11320114,الخدمات البيطرية,6,11320100,income,الموارد / الايرادات / لباب الثالث - الإيرادات الأخرى / حصيلة بيع السلع والخدمات / إيرادات الخدمات / الخدمات البيطرية
11320115,خدمات التنظيم والادارة,6,11320100,income,الموارد / الايرادات / لباب الثالث - الإيرادات الأخرى / حصيلة بيع السلع والخدمات / إيرادات الخدمات / خدمات التنظيم والادارة
11320116,التخطيط الاقليميى,6,11320100,income,الموارد / الايرادات / لباب الثالث - الإيرادات الأخرى / حصيلة بيع السلع والخدمات / إيرادات الخدمات / التخطيط الاقليميى
11320117,الخدمات السياحية,6,11320100,income,الموارد / الايرادات / لباب الثالث - الإيرادات الأخرى / حصيلة بيع السلع والخدمات / إيرادات الخدمات / الخدمات السياحية
11320118,خدمات الضرائب العقارية,6,11320100,income,الموارد / الايرادات / لباب الثالث - الإيرادات الأخرى / حصيلة بيع السلع والخدمات / إيرادات الخدمات / خدمات الضرائب العقارية
11320119,مبيعات بضائع,6,11320100,income,الموارد / الايرادات / لباب الثالث - الإيرادات الأخرى / حصيلة بيع السلع والخدمات / إيرادات الخدمات / مبيعات بضائع
11320120,ايرادات المشروعات الانتاجية,6,11320100,income,الموارد / الايرادات / لباب الثالث - الإيرادات الأخرى / حصيلة بيع السلع والخدمات / إيرادات الخدمات / ايرادات المشروعات الانتاجية
11320121,ايجار المرافق العامة,6,11320100,income,الموارد / الايرادات / لباب الثالث - الإيرادات الأخرى / حصيلة بيع السلع والخدمات / إيرادات الخدمات / ايجار المرافق العامة
11320122,ايجار المبانى الحكومية,6,11320100,income,الموارد / الايرادات / لباب الثالث - الإيرادات الأخرى / حصيلة بيع السلع والخدمات / إيرادات الخدمات / ايجار المبانى الحكومية
11320123,مقابل الاشراف والادارة على الشركات,6,11320100,income,الموارد / الايرادات / لباب الثالث - الإيرادات الأخرى / حصيلة بيع السلع والخدمات / إيرادات الخدمات / مقابل الاشراف والادارة على الشركات
11320124,ارباح تشغيل العملة التذكارية,6,11320100,income,الموارد / الايرادات / لباب الثالث - الإيرادات الأخرى / حصيلة بيع السلع والخدمات / إيرادات الخدمات / ارباح تشغيل العملة التذكارية
11320125,موارد جارية من الصناديق والحسابات الخاصة,6,11320100,income,الموارد / الايرادات / لباب الثالث - الإيرادات الأخرى / حصيلة بيع السلع والخدمات / إيرادات الخدمات / موارد جارية من الصناديق والحسابات الخاصة
11320126,المحصل مقابل تأدية خدمات,6,11320100,income,الموارد / الايرادات / لباب الثالث - الإيرادات الأخرى / حصيلة بيع السلع والخدمات / إيرادات الخدمات / المحصل مقابل تأدية خدمات
11320127,مقابل تأدية أعمال بعض المصالح للمصالح الأخرى,6,11320100,income,الموارد / الايرادات / لباب الثالث - الإيرادات الأخرى / حصيلة بيع السلع والخدمات / إيرادات الخدمات / مقابل تأدية أعمال بعض المصالح للمصالح الأخرى
11320128,إيرادات البرامج التدريبية,6,11320100,income,الموارد / الايرادات / لباب الثالث - الإيرادات الأخرى / حصيلة بيع السلع والخدمات / إيرادات الخدمات / إيرادات البرامج التدريبية
11320129,عمولة تحصيل,6,11320100,income,الموارد / الايرادات / لباب الثالث - الإيرادات الأخرى / حصيلة بيع السلع والخدمات / إيرادات الخدمات / عمولة تحصيل
11320130,أخـــرى,6,11320100,income,الموارد / الايرادات / لباب الثالث - الإيرادات الأخرى / حصيلة بيع السلع والخدمات / إيرادات الخدمات / أخـــرى
11320131,حصيلة وزارة المالية من اجمالى ايرادات الصناديق و الحسابات الخاصة,6,11320100,income,الموارد / الايرادات / لباب الثالث - الإيرادات الأخرى / حصيلة بيع السلع والخدمات / إيرادات الخدمات / حصيلة وزارة المالية من اجمالى ايرادات الصناديق و الحسابات الخاصة
11320132,مقابل خدمات سلطة التصديق الإلكترونى الحكومية,6,11320100,income,الموارد / الايرادات / لباب الثالث - الإيرادات الأخرى / حصيلة بيع السلع والخدمات / إيرادات الخدمات / مقابل خدمات سلطة التصديق الإلكترونى الحكومية
11320133,حصيلة منح الجنسية المصرية,6,11320100,income,الموارد / الايرادات / لباب الثالث - الإيرادات الأخرى / حصيلة بيع السلع والخدمات / إيرادات الخدمات / حصيلة منح الجنسية المصرية
11320134,مبالغ محصلة من الجهات الغير داخلة في الموازنة العامة للدولة مقابل ضمان وزارة المالية لها,6,11320100,income,الموارد / الايرادات / لباب الثالث - الإيرادات الأخرى / حصيلة بيع السلع والخدمات / إيرادات الخدمات / مبالغ محصلة من الجهات الغير داخلة في الموازنة العامة للدولة مقابل ضمان وزارة المالية لها
11320135,حصة الخزانة العامة من حصيلة الاربعون قرش المخصصة للهيئة العامة للتأمين الصحي,6,11320100,income,الموارد / الايرادات / لباب الثالث - الإيرادات الأخرى / حصيلة بيع السلع والخدمات / إيرادات الخدمات / حصة الخزانة العامة من حصيلة الاربعون قرش المخصصة للهيئة العامة للتأمين الصحي
11320200,إيرادات بيع السلع,5,11320000,income,الموارد / الايرادات / لباب الثالث - الإيرادات الأخرى / حصيلة بيع السلع والخدمات / إيرادات بيع السلع
11320201,حصيلة بيع المخزون السلعى,6,11320200,income,الموارد / الايرادات / لباب الثالث - الإيرادات الأخرى / حصيلة بيع السلع والخدمات / إيرادات بيع السلع / حصيلة بيع المخزون السلعى
11320202,حصيلة فروق أسعار بيع الغاز الطبيعى,6,11320200,income,الموارد / الايرادات / لباب الثالث - الإيرادات الأخرى / حصيلة بيع السلع والخدمات / إيرادات بيع السلع / حصيلة فروق أسعار بيع الغاز الطبيعى
11320300,المتحصلات بالوسائل الالكترونية,5,11320000,income,الموارد / الايرادات / لباب الثالث - الإيرادات الأخرى / حصيلة بيع السلع والخدمات / المتحصلات بالوسائل الالكترونية
11320301,متحصلات الكترونية عن اذون تسوية,6,11320300,income,الموارد / الايرادات / لباب الثالث - الإيرادات الأخرى / حصيلة بيع السلع والخدمات / المتحصلات بالوسائل الالكترونية / متحصلات الكترونية عن اذون تسوية
11320302,متحصلات الكترونية اخرى,6,11320300,income,الموارد / الايرادات / لباب الثالث - الإيرادات الأخرى / حصيلة بيع السلع والخدمات / المتحصلات بالوسائل الالكترونية / متحصلات الكترونية اخرى
11330000,جموعة 3 تعويضات وغرامات,4,11300000,income,الموارد / الايرادات / لباب الثالث - الإيرادات الأخرى / جموعة 3 تعويضات وغرامات
11330100,غرامات العقوبات والمصادرات,5,11330000,income,الموارد / الايرادات / لباب الثالث - الإيرادات الأخرى / جموعة 3 تعويضات وغرامات / غرامات العقوبات والمصادرات
11330101,ايرادات النقد المصادر,6,11330100,income,الموارد / الايرادات / لباب الثالث - الإيرادات الأخرى / جموعة 3 تعويضات وغرامات / غرامات العقوبات والمصادرات / ايرادات النقد المصادر
11330102,حصيلة الاموال المستردة,6,11330100,income,الموارد / الايرادات / لباب الثالث - الإيرادات الأخرى / جموعة 3 تعويضات وغرامات / غرامات العقوبات والمصادرات / حصيلة الاموال المستردة
11330103,التعويضات الناتجة عن المخالفات,6,11330100,income,الموارد / الايرادات / لباب الثالث - الإيرادات الأخرى / جموعة 3 تعويضات وغرامات / غرامات العقوبات والمصادرات / التعويضات الناتجة عن المخالفات
11330104,تعويضات عن الممارسات الضارة فى التجارة الدولية,6,11330100,income,الموارد / الايرادات / لباب الثالث - الإيرادات الأخرى / جموعة 3 تعويضات وغرامات / غرامات العقوبات والمصادرات / تعويضات عن الممارسات الضارة فى التجارة الدولية
11330105,حصيلة صندوق الغرامات والجزاءات,6,11330100,income,الموارد / الايرادات / لباب الثالث - الإيرادات الأخرى / جموعة 3 تعويضات وغرامات / غرامات العقوبات والمصادرات / حصيلة صندوق الغرامات والجزاءات
11330106,حصيلة الغرامات,6,11330100,income,الموارد / الايرادات / لباب الثالث - الإيرادات الأخرى / جموعة 3 تعويضات وغرامات / غرامات العقوبات والمصادرات / حصيلة الغرامات
11330107,أخرى,6,11330100,income,الموارد / الايرادات / لباب الثالث - الإيرادات الأخرى / جموعة 3 تعويضات وغرامات / غرامات العقوبات والمصادرات / أخرى
11340000,التحويلات الاختيارية,4,11300000,income,الموارد / الايرادات / لباب الثالث - الإيرادات الأخرى / التحويلات الاختيارية
11340100,جارية,5,11340000,income,الموارد / الايرادات / لباب الثالث - الإيرادات الأخرى / التحويلات الاختيارية / جارية
11340101,فائض لجنة المساعدات,6,11340100,income,الموارد / الايرادات / لباب الثالث - الإيرادات الأخرى / التحويلات الاختيارية / جارية / فائض لجنة المساعدات
11340102,ايرادات انشطة مختلفة,6,11340100,income,الموارد / الايرادات / لباب الثالث - الإيرادات الأخرى / التحويلات الاختيارية / جارية / ايرادات انشطة مختلفة
11340200,رأسمالية,5,11340000,income,الموارد / الايرادات / لباب الثالث - الإيرادات الأخرى / التحويلات الاختيارية / رأسمالية
11340201,مساعدات وتبرعات محلية لتمويل الأستثمارات,6,11340200,income,الموارد / الايرادات / لباب الثالث - الإيرادات الأخرى / التحويلات الاختيارية / رأسمالية / مساعدات وتبرعات محلية لتمويل الأستثمارات
11340202,مساعدات وتبرعات خارجية لتمويل الأستثمارات,6,11340200,income,الموارد / الايرادات / لباب الثالث - الإيرادات الأخرى / التحويلات الاختيارية / رأسمالية / مساعدات وتبرعات خارجية لتمويل الأستثمارات
11340203,أخرى,6,11340200,income,الموارد / الايرادات / لباب الثالث - الإيرادات الأخرى / التحويلات الاختيارية / رأسمالية / أخرى
11350000,ايرادات متنوعة,4,11300000,income,الموارد / الايرادات / لباب الثالث - الإيرادات الأخرى / ايرادات متنوعة
11350100,جارية,5,11350000,income,الموارد / الايرادات / لباب الثالث - الإيرادات الأخرى / ايرادات متنوعة / جارية
11350101,مبالغ معلاه دائنة مضت عليها المدة القانونية,6,11350100,income,الموارد / الايرادات / لباب الثالث - الإيرادات الأخرى / ايرادات متنوعة / جارية / مبالغ معلاه دائنة مضت عليها المدة القانونية
11350102,ايرادات سنوات سابقة,6,11350100,income,الموارد / الايرادات / لباب الثالث - الإيرادات الأخرى / ايرادات متنوعة / جارية / ايرادات سنوات سابقة
11350103,مقابل اشتراك العاملين بالسيارات,6,11350100,income,الموارد / الايرادات / لباب الثالث - الإيرادات الأخرى / ايرادات متنوعة / جارية / مقابل اشتراك العاملين بالسيارات
11350104,ايرادات أسواق,6,11350100,income,الموارد / الايرادات / لباب الثالث - الإيرادات الأخرى / ايرادات متنوعة / جارية / ايرادات أسواق
11350105,ايرادات غرامات المبانى,6,11350100,income,الموارد / الايرادات / لباب الثالث - الإيرادات الأخرى / ايرادات متنوعة / جارية / ايرادات غرامات المبانى
11350106,أخرى,6,11350100,income,الموارد / الايرادات / لباب الثالث - الإيرادات الأخرى / ايرادات متنوعة / جارية / أخرى
11350107,حصيلة المبالغ الزائدة عن الحد الأقصى لدخول العاملين,6,11350100,income,الموارد / الايرادات / لباب الثالث - الإيرادات الأخرى / ايرادات متنوعة / جارية / حصيلة المبالغ الزائدة عن الحد الأقصى لدخول العاملين
11350108,حصيلة التصالح في مخالفات البناء وتقنين أوضاعها,6,11350100,income,الموارد / الايرادات / لباب الثالث - الإيرادات الأخرى / ايرادات متنوعة / جارية / حصيلة التصالح في مخالفات البناء وتقنين أوضاعها
11350200,رأسمالية,5,11350000,income,الموارد / الايرادات / لباب الثالث - الإيرادات الأخرى / ايرادات متنوعة / رأسمالية
11350201,نقص الرصيد المدين للدفعات المقدمة للأستثمارات,6,11350200,income,الموارد / الايرادات / لباب الثالث - الإيرادات الأخرى / ايرادات متنوعة / رأسمالية / نقص الرصيد المدين للدفعات المقدمة للأستثمارات
11350202,موارد ومصادر رأسمالية أخرى,6,11350200,income,الموارد / الايرادات / لباب الثالث - الإيرادات الأخرى / ايرادات متنوعة / رأسمالية / موارد ومصادر رأسمالية أخرى
11350203,حصيلة بيع أصول غير انتاجية (أراضى),6,11350200,income,الموارد / الايرادات / لباب الثالث - الإيرادات الأخرى / ايرادات متنوعة / رأسمالية / حصيلة بيع أصول غير انتاجية (أراضى)
11350204,حصيلة بيع أصول انتاجية (مساكن وسيارات وغيرها),6,11350200,income,الموارد / الايرادات / لباب الثالث - الإيرادات الأخرى / ايرادات متنوعة / رأسمالية / حصيلة بيع أصول انتاجية (مساكن وسيارات وغيرها)
11350205,ايرادات رأسمالية أخرى,6,11350200,income,الموارد / الايرادات / لباب الثالث - الإيرادات الأخرى / ايرادات متنوعة / رأسمالية / ايرادات رأسمالية أخرى
12000000,المتحصلات من الحيازة,2,10000000,income,الموارد / المتحصلات من الحيازة
12400000,لباب الرابع المتحصلات من الإقراض ومبيعات الاصول المالية وغيرها من الاصول,3,12000000,income,الموارد / المتحصلات من الحيازة / لباب الرابع المتحصلات من الإقراض ومبيعات الاصول المالية وغيرها من الاصول
12410000,متحصلات الاقراض ومبيعات الاصول المالية المحلية,4,12400000,income,الموارد / المتحصلات من الحيازة / لباب الرابع المتحصلات من الإقراض ومبيعات الاصول المالية وغيرها من الاصول / متحصلات الاقراض ومبيعات الاصول المالية المحلية
12410100,متحصلات من أوراق  مالية بخلاف الأسهم,5,12410000,income,الموارد / المتحصلات من الحيازة / لباب الرابع المتحصلات من الإقراض ومبيعات الاصول المالية وغيرها من الاصول / متحصلات الاقراض ومبيعات الاصول المالية المحلية / متحصلات من أوراق  مالية بخلاف الأسهم
12410101,سندات,6,12410100,income,الموارد / المتحصلات من الحيازة / لباب الرابع المتحصلات من الإقراض ومبيعات الاصول المالية وغيرها من الاصول / متحصلات الاقراض ومبيعات الاصول المالية المحلية / متحصلات من أوراق  مالية بخلاف الأسهم / سندات
12410102,أذون,6,12410100,income,الموارد / المتحصلات من الحيازة / لباب الرابع المتحصلات من الإقراض ومبيعات الاصول المالية وغيرها من الاصول / متحصلات الاقراض ومبيعات الاصول المالية المحلية / متحصلات من أوراق  مالية بخلاف الأسهم / أذون
12410103,أخرى,6,12410100,income,الموارد / المتحصلات من الحيازة / لباب الرابع المتحصلات من الإقراض ومبيعات الاصول المالية وغيرها من الاصول / متحصلات الاقراض ومبيعات الاصول المالية المحلية / متحصلات من أوراق  مالية بخلاف الأسهم / أخرى
12410200,أقساط محصلة من الاقراض,5,12410000,income,الموارد / المتحصلات من الحيازة / لباب الرابع المتحصلات من الإقراض ومبيعات الاصول المالية وغيرها من الاصول / متحصلات الاقراض ومبيعات الاصول المالية المحلية / أقساط محصلة من الاقراض
12410201,من بنك الاستثمار,6,12410200,income,الموارد / المتحصلات من الحيازة / لباب الرابع المتحصلات من الإقراض ومبيعات الاصول المالية وغيرها من الاصول / متحصلات الاقراض ومبيعات الاصول المالية المحلية / أقساط محصلة من الاقراض / من بنك الاستثمار
12410202,من الهيئات الاقتصادية,6,12410200,income,الموارد / المتحصلات من الحيازة / لباب الرابع المتحصلات من الإقراض ومبيعات الاصول المالية وغيرها من الاصول / متحصلات الاقراض ومبيعات الاصول المالية المحلية / أقساط محصلة من الاقراض / من الهيئات الاقتصادية
12410203,من الشركات القابضة,6,12410200,income,الموارد / المتحصلات من الحيازة / لباب الرابع المتحصلات من الإقراض ومبيعات الاصول المالية وغيرها من الاصول / متحصلات الاقراض ومبيعات الاصول المالية المحلية / أقساط محصلة من الاقراض / من الشركات القابضة
12410204,من شركات قطاع الاعمال العام,6,12410200,income,الموارد / المتحصلات من الحيازة / لباب الرابع المتحصلات من الإقراض ومبيعات الاصول المالية وغيرها من الاصول / متحصلات الاقراض ومبيعات الاصول المالية المحلية / أقساط محصلة من الاقراض / من شركات قطاع الاعمال العام
12410205,من شركات القطاع العام,6,12410200,income,الموارد / المتحصلات من الحيازة / لباب الرابع المتحصلات من الإقراض ومبيعات الاصول المالية وغيرها من الاصول / متحصلات الاقراض ومبيعات الاصول المالية المحلية / أقساط محصلة من الاقراض / من شركات القطاع العام
12410206,من أقساط القروض الخارجية المعاد إقراضها من الخزانة العامة,6,12410200,income,الموارد / المتحصلات من الحيازة / لباب الرابع المتحصلات من الإقراض ومبيعات الاصول المالية وغيرها من الاصول / متحصلات الاقراض ومبيعات الاصول المالية المحلية / أقساط محصلة من الاقراض / من أقساط القروض الخارجية المعاد إقراضها من الخزانة العامة
12410207,من الجهات الأخرى,6,12410200,income,الموارد / المتحصلات من الحيازة / لباب الرابع المتحصلات من الإقراض ومبيعات الاصول المالية وغيرها من الاصول / متحصلات الاقراض ومبيعات الاصول المالية المحلية / أقساط محصلة من الاقراض / من الجهات الأخرى
12410300,المتحصلات من بيع الاصول وحقوق الملكية,5,12410000,income,الموارد / المتحصلات من الحيازة / لباب الرابع المتحصلات من الإقراض ومبيعات الاصول المالية وغيرها من الاصول / متحصلات الاقراض ومبيعات الاصول المالية المحلية / المتحصلات من بيع الاصول وحقوق الملكية
12410301,من بنك الاستثمار,6,12410300,income,الموارد / المتحصلات من الحيازة / لباب الرابع المتحصلات من الإقراض ومبيعات الاصول المالية وغيرها من الاصول / متحصلات الاقراض ومبيعات الاصول المالية المحلية / المتحصلات من بيع الاصول وحقوق الملكية / من بنك الاستثمار
12410302,من هيئات اقتصادية,6,12410300,income,الموارد / المتحصلات من الحيازة / لباب الرابع المتحصلات من الإقراض ومبيعات الاصول المالية وغيرها من الاصول / متحصلات الاقراض ومبيعات الاصول المالية المحلية / المتحصلات من بيع الاصول وحقوق الملكية / من هيئات اقتصادية
12410303,من شركات قابضة,6,12410300,income,الموارد / المتحصلات من الحيازة / لباب الرابع المتحصلات من الإقراض ومبيعات الاصول المالية وغيرها من الاصول / متحصلات الاقراض ومبيعات الاصول المالية المحلية / المتحصلات من بيع الاصول وحقوق الملكية / من شركات قابضة
12410304,من شركات قطاع أعمال عام,6,12410300,income,الموارد / المتحصلات من الحيازة / لباب الرابع المتحصلات من الإقراض ومبيعات الاصول المالية وغيرها من الاصول / متحصلات الاقراض ومبيعات الاصول المالية المحلية / المتحصلات من بيع الاصول وحقوق الملكية / من شركات قطاع أعمال عام
12410305,من شركات قطاع عام,6,12410300,income,الموارد / المتحصلات من الحيازة / لباب الرابع المتحصلات من الإقراض ومبيعات الاصول المالية وغيرها من الاصول / متحصلات الاقراض ومبيعات الاصول المالية المحلية / المتحصلات من بيع الاصول وحقوق الملكية / من شركات قطاع عام
12410306,من جهات أخرى,6,12410300,income,الموارد / المتحصلات من الحيازة / لباب الرابع المتحصلات من الإقراض ومبيعات الاصول المالية وغيرها من الاصول / متحصلات الاقراض ومبيعات الاصول المالية المحلية / المتحصلات من بيع الاصول وحقوق الملكية / من جهات أخرى
12410400,الخصخصة,5,12410000,income,الموارد / المتحصلات من الحيازة / لباب الرابع المتحصلات من الإقراض ومبيعات الاصول المالية وغيرها من الاصول / متحصلات الاقراض ومبيعات الاصول المالية المحلية / الخصخصة
12410401,حصيلة الخصخصة,6,12410400,income,الموارد / المتحصلات من الحيازة / لباب الرابع المتحصلات من الإقراض ومبيعات الاصول المالية وغيرها من الاصول / متحصلات الاقراض ومبيعات الاصول المالية المحلية / الخصخصة / حصيلة الخصخصة
12420000,متحصلات الاقراض ومبيعات الاصول المالية الإجنبية,4,12400000,income,الموارد / المتحصلات من الحيازة / لباب الرابع المتحصلات من الإقراض ومبيعات الاصول المالية وغيرها من الاصول / متحصلات الاقراض ومبيعات الاصول المالية الإجنبية
12420100,متحصلات اوراق مالية بخلاف الاسهم,5,12420000,income,الموارد / المتحصلات من الحيازة / لباب الرابع المتحصلات من الإقراض ومبيعات الاصول المالية وغيرها من الاصول / متحصلات الاقراض ومبيعات الاصول المالية الإجنبية / متحصلات اوراق مالية بخلاف الاسهم
12420101,سندات,6,12420100,income,الموارد / المتحصلات من الحيازة / لباب الرابع المتحصلات من الإقراض ومبيعات الاصول المالية وغيرها من الاصول / متحصلات الاقراض ومبيعات الاصول المالية الإجنبية / متحصلات اوراق مالية بخلاف الاسهم / سندات
12420102,أذون,6,12420100,income,الموارد / المتحصلات من الحيازة / لباب الرابع المتحصلات من الإقراض ومبيعات الاصول المالية وغيرها من الاصول / متحصلات الاقراض ومبيعات الاصول المالية الإجنبية / متحصلات اوراق مالية بخلاف الاسهم / أذون
12420103,اخرى,6,12420100,income,الموارد / المتحصلات من الحيازة / لباب الرابع المتحصلات من الإقراض ومبيعات الاصول المالية وغيرها من الاصول / متحصلات الاقراض ومبيعات الاصول المالية الإجنبية / متحصلات اوراق مالية بخلاف الاسهم / اخرى
12420200,أقساط محصلة من الاقراض,5,12420000,income,الموارد / المتحصلات من الحيازة / لباب الرابع المتحصلات من الإقراض ومبيعات الاصول المالية وغيرها من الاصول / متحصلات الاقراض ومبيعات الاصول المالية الإجنبية / أقساط محصلة من الاقراض
12420201,من الجهات الاخرى,6,12420200,income,الموارد / المتحصلات من الحيازة / لباب الرابع المتحصلات من الإقراض ومبيعات الاصول المالية وغيرها من الاصول / متحصلات الاقراض ومبيعات الاصول المالية الإجنبية / أقساط محصلة من الاقراض / من الجهات الاخرى
12420300,المتحصلات من بيع الاصول وحقوق الملكية,5,12420000,income,الموارد / المتحصلات من الحيازة / لباب الرابع المتحصلات من الإقراض ومبيعات الاصول المالية وغيرها من الاصول / متحصلات الاقراض ومبيعات الاصول المالية الإجنبية / المتحصلات من بيع الاصول وحقوق الملكية
12420301,من الجهات الاخرى,6,12420300,income,الموارد / المتحصلات من الحيازة / لباب الرابع المتحصلات من الإقراض ومبيعات الاصول المالية وغيرها من الاصول / متحصلات الاقراض ومبيعات الاصول المالية الإجنبية / المتحصلات من بيع الاصول وحقوق الملكية / من الجهات الاخرى
13000000,مصادر التمويل,2,10000000,income,الموارد / مصادر التمويل
13500000,الباب الخامس - الاقتراض وإصدار الأوراق المالية بخلاف الأسهم,3,13000000,income,الموارد / مصادر التمويل / الباب الخامس - الاقتراض وإصدار الأوراق المالية بخلاف الأسهم
13510000,الاقتراض واصدار الاوراق المالية المحلية,4,13500000,income,الموارد / مصادر التمويل / الباب الخامس - الاقتراض وإصدار الأوراق المالية بخلاف الأسهم / الاقتراض واصدار الاوراق المالية المحلية
13510100,أصدار أوراق مالية بخلاف الاسهم,5,13510000,income,الموارد / مصادر التمويل / الباب الخامس - الاقتراض وإصدار الأوراق المالية بخلاف الأسهم / الاقتراض واصدار الاوراق المالية المحلية / أصدار أوراق مالية بخلاف الاسهم
13510101,سندات على الخزانة العامة,6,13510100,income,الموارد / مصادر التمويل / الباب الخامس - الاقتراض وإصدار الأوراق المالية بخلاف الأسهم / الاقتراض واصدار الاوراق المالية المحلية / أصدار أوراق مالية بخلاف الاسهم / سندات على الخزانة العامة
13510102,اذون على الخزانة العامة,6,13510100,income,الموارد / مصادر التمويل / الباب الخامس - الاقتراض وإصدار الأوراق المالية بخلاف الأسهم / الاقتراض واصدار الاوراق المالية المحلية / أصدار أوراق مالية بخلاف الاسهم / اذون على الخزانة العامة
13510103,اخرى,6,13510100,income,الموارد / مصادر التمويل / الباب الخامس - الاقتراض وإصدار الأوراق المالية بخلاف الأسهم / الاقتراض واصدار الاوراق المالية المحلية / أصدار أوراق مالية بخلاف الاسهم / اخرى
13510200,الاقتراض,5,13510000,income,الموارد / مصادر التمويل / الباب الخامس - الاقتراض وإصدار الأوراق المالية بخلاف الأسهم / الاقتراض واصدار الاوراق المالية المحلية / الاقتراض
13510201,من بنك الاستثمار القومى لتمويل الاستثمارات,6,13510200,income,الموارد / مصادر التمويل / الباب الخامس - الاقتراض وإصدار الأوراق المالية بخلاف الأسهم / الاقتراض واصدار الاوراق المالية المحلية / الاقتراض / من بنك الاستثمار القومى لتمويل الاستثمارات
13510202,من بنك الاستثمار القومى لتمويل اغراض اخرى,6,13510200,income,الموارد / مصادر التمويل / الباب الخامس - الاقتراض وإصدار الأوراق المالية بخلاف الأسهم / الاقتراض واصدار الاوراق المالية المحلية / الاقتراض / من بنك الاستثمار القومى لتمويل اغراض اخرى
13510203,قروض خارجية معاد اقراضها عن طريق الخزانة,6,13510200,income,الموارد / مصادر التمويل / الباب الخامس - الاقتراض وإصدار الأوراق المالية بخلاف الأسهم / الاقتراض واصدار الاوراق المالية المحلية / الاقتراض / قروض خارجية معاد اقراضها عن طريق الخزانة
13510204,اقتراض لتمويل الاستثمارات,6,13510200,income,الموارد / مصادر التمويل / الباب الخامس - الاقتراض وإصدار الأوراق المالية بخلاف الأسهم / الاقتراض واصدار الاوراق المالية المحلية / الاقتراض / اقتراض لتمويل الاستثمارات
13510205,اقتراض من مصادر اخرى,6,13510200,income,الموارد / مصادر التمويل / الباب الخامس - الاقتراض وإصدار الأوراق المالية بخلاف الأسهم / الاقتراض واصدار الاوراق المالية المحلية / الاقتراض / اقتراض من مصادر اخرى
13520000,الاقتراض واصدار الاوراق المالية الاجنبية,4,13500000,income,الموارد / مصادر التمويل / الباب الخامس - الاقتراض وإصدار الأوراق المالية بخلاف الأسهم / الاقتراض واصدار الاوراق المالية الاجنبية
13520100,أصدار أوراق مالية بخلاف الاسهم,5,13520000,income,الموارد / مصادر التمويل / الباب الخامس - الاقتراض وإصدار الأوراق المالية بخلاف الأسهم / الاقتراض واصدار الاوراق المالية الاجنبية / أصدار أوراق مالية بخلاف الاسهم
13520101,سندات على الخزانة العامة,6,13520100,income,الموارد / مصادر التمويل / الباب الخامس - الاقتراض وإصدار الأوراق المالية بخلاف الأسهم / الاقتراض واصدار الاوراق المالية الاجنبية / أصدار أوراق مالية بخلاف الاسهم / سندات على الخزانة العامة
13520102,اذون على الخزانة العامة,6,13520100,income,الموارد / مصادر التمويل / الباب الخامس - الاقتراض وإصدار الأوراق المالية بخلاف الأسهم / الاقتراض واصدار الاوراق المالية الاجنبية / أصدار أوراق مالية بخلاف الاسهم / اذون على الخزانة العامة
13520103,اخرى,6,13520100,income,الموارد / مصادر التمويل / الباب الخامس - الاقتراض وإصدار الأوراق المالية بخلاف الأسهم / الاقتراض واصدار الاوراق المالية الاجنبية / أصدار أوراق مالية بخلاف الاسهم / اخرى
13520200,الاقتراض,5,13520000,income,الموارد / مصادر التمويل / الباب الخامس - الاقتراض وإصدار الأوراق المالية بخلاف الأسهم / الاقتراض واصدار الاوراق المالية الاجنبية / الاقتراض
13520201,لتمويل الاستثمارات,6,13520200,income,الموارد / مصادر التمويل / الباب الخامس - الاقتراض وإصدار الأوراق المالية بخلاف الأسهم / الاقتراض واصدار الاوراق المالية الاجنبية / الاقتراض / لتمويل الاستثمارات
13520202,لتمويل التزامات اخرى,6,13520200,income,الموارد / مصادر التمويل / الباب الخامس - الاقتراض وإصدار الأوراق المالية بخلاف الأسهم / الاقتراض واصدار الاوراق المالية الاجنبية / الاقتراض / لتمويل التزامات اخرى
13520203,لتمويل التزامات جارية,6,13520200,income,الموارد / مصادر التمويل / الباب الخامس - الاقتراض وإصدار الأوراق المالية بخلاف الأسهم / الاقتراض واصدار الاوراق المالية الاجنبية / الاقتراض / لتمويل التزامات جارية
14000000,الموارد الداخلية,2,10000000,income,الموارد / الموارد الداخلية
14900000,مويل الخزانة العامة,3,14000000,income,الموارد / الموارد الداخلية / مويل الخزانة العامة
14910000,تحويلات من الخزانة العامة,4,14900000,income,الموارد / الموارد الداخلية / مويل الخزانة العامة / تحويلات من الخزانة العامة
14910100,تمويل الاستخدامات,5,14910000,income,الموارد / الموارد الداخلية / مويل الخزانة العامة / تحويلات من الخزانة العامة / تمويل الاستخدامات
14910101,المنصرف بمعرفة وحدة الخزانة العامة,6,14910100,income,الموارد / الموارد الداخلية / مويل الخزانة العامة / تحويلات من الخزانة العامة / تمويل الاستخدامات / المنصرف بمعرفة وحدة الخزانة العامة
20000000,لإستخدامات,1,,expense,لإستخدامات
21000000,المصروفات,2,20000000,expense,لإستخدامات / المصروفات
21100000,الأجور وتعويضات العاملين,3,21000000,expense,لإستخدامات / المصروفات / الأجور وتعويضات العاملين
21110000,الاجوروالبدلات النقدية والعينية,4,21100000,expense,لإستخدامات / المصروفات / الأجور وتعويضات العاملين / الاجوروالبدلات النقدية والعينية
21110100,الوظائف الدائمة,5,21110000,expense,لإستخدامات / المصروفات / الأجور وتعويضات العاملين / الاجوروالبدلات النقدية والعينية / الوظائف الدائمة
21110101,المرتبات الأساسية,6,21110100,expense,لإستخدامات / المصروفات / الأجور وتعويضات العاملين / الاجوروالبدلات النقدية والعينية / الوظائف الدائمة / المرتبات الأساسية
21110102,تكاليف المعارين و تتحمل الموازنة مرتباتهم,6,21110100,expense,لإستخدامات / المصروفات / الأجور وتعويضات العاملين / الاجوروالبدلات النقدية والعينية / الوظائف الدائمة / تكاليف المعارين و تتحمل الموازنة مرتباتهم
21110103,تكاليف الإجازات الدراسية,6,21110100,expense,لإستخدامات / المصروفات / الأجور وتعويضات العاملين / الاجوروالبدلات النقدية والعينية / الوظائف الدائمة / تكاليف الإجازات الدراسية
21110104,تكاليف المنح التدريبية,6,21110100,expense,لإستخدامات / المصروفات / الأجور وتعويضات العاملين / الاجوروالبدلات النقدية والعينية / الوظائف الدائمة / تكاليف المنح التدريبية
21110105,الأجر الوظيفى,6,21110100,expense,لإستخدامات / المصروفات / الأجور وتعويضات العاملين / الاجوروالبدلات النقدية والعينية / الوظائف الدائمة / الأجر الوظيفى
21110106,تكاليف أجور ومرتبات المخاطبين بأحكام القانون رقم (28) لسنة 2018,6,21110100,expense,لإستخدامات / المصروفات / الأجور وتعويضات العاملين / الاجوروالبدلات النقدية والعينية / الوظائف الدائمة / تكاليف أجور ومرتبات المخاطبين بأحكام القانون رقم (28) لسنة 2018
21110200,الوظائف المؤقتة,5,21110000,expense,لإستخدامات / المصروفات / الأجور وتعويضات العاملين / الاجوروالبدلات النقدية والعينية / الوظائف المؤقتة
21110201,المكافآت الشاملة (خبراء وطنيين),6,21110200,expense,لإستخدامات / المصروفات / الأجور وتعويضات العاملين / الاجوروالبدلات النقدية والعينية / الوظائف المؤقتة / المكافآت الشاملة (خبراء وطنيين)
21110202,المكافآت الشاملة (خبراء واجانب),6,21110200,expense,لإستخدامات / المصروفات / الأجور وتعويضات العاملين / الاجوروالبدلات النقدية والعينية / الوظائف المؤقتة / المكافآت الشاملة (خبراء واجانب)
21110203,أجور موسميين,6,21110200,expense,لإستخدامات / المصروفات / الأجور وتعويضات العاملين / الاجوروالبدلات النقدية والعينية / الوظائف المؤقتة / أجور موسميين
21110204,مكافآت الصبية,6,21110200,expense,لإستخدامات / المصروفات / الأجور وتعويضات العاملين / الاجوروالبدلات النقدية والعينية / الوظائف المؤقتة / مكافآت الصبية
21110205,مكافآت اطباء امتياز و اخصائى علاج طبيعى,6,21110200,expense,لإستخدامات / المصروفات / الأجور وتعويضات العاملين / الاجوروالبدلات النقدية والعينية / الوظائف المؤقتة / مكافآت اطباء امتياز و اخصائى علاج طبيعى
21110206,مكافآت الاساتذه المتفرغين,6,21110200,expense,لإستخدامات / المصروفات / الأجور وتعويضات العاملين / الاجوروالبدلات النقدية والعينية / الوظائف المؤقتة / مكافآت الاساتذه المتفرغين
21110207,مكافآت الاساتذه غير المتفرغين,6,21110200,expense,لإستخدامات / المصروفات / الأجور وتعويضات العاملين / الاجوروالبدلات النقدية والعينية / الوظائف المؤقتة / مكافآت الاساتذه غير المتفرغين
21110208,مكافآت مساعدى ومعاونى الوزراء,6,21110200,expense,لإستخدامات / المصروفات / الأجور وتعويضات العاملين / الاجوروالبدلات النقدية والعينية / الوظائف المؤقتة / مكافآت مساعدى ومعاونى الوزراء
21110300,المكافآت,5,21110000,expense,لإستخدامات / المصروفات / الأجور وتعويضات العاملين / الاجوروالبدلات النقدية والعينية / المكافآت
21110301,تعويض العاملين عن جهود غير عادية,6,21110300,expense,لإستخدامات / المصروفات / الأجور وتعويضات العاملين / الاجوروالبدلات النقدية والعينية / المكافآت / تعويض العاملين عن جهود غير عادية
21110302,المكافآت التشجيعية,6,21110300,expense,لإستخدامات / المصروفات / الأجور وتعويضات العاملين / الاجوروالبدلات النقدية والعينية / المكافآت / المكافآت التشجيعية
21110303,تكاليف حافز الإثابة,6,21110300,expense,لإستخدامات / المصروفات / الأجور وتعويضات العاملين / الاجوروالبدلات النقدية والعينية / المكافآت / تكاليف حافز الإثابة
21110304,حوافز العاملين بالكادر العام,6,21110300,expense,لإستخدامات / المصروفات / الأجور وتعويضات العاملين / الاجوروالبدلات النقدية والعينية / المكافآت / حوافز العاملين بالكادر العام
21110305,حوافز العاملين بالكادرات الخاصة,6,21110300,expense,لإستخدامات / المصروفات / الأجور وتعويضات العاملين / الاجوروالبدلات النقدية والعينية / المكافآت / حوافز العاملين بالكادرات الخاصة
21110306,الحافز المالى الإضافى,6,21110300,expense,لإستخدامات / المصروفات / الأجور وتعويضات العاملين / الاجوروالبدلات النقدية والعينية / المكافآت / الحافز المالى الإضافى
21110307,حوافز العلميين,6,21110300,expense,لإستخدامات / المصروفات / الأجور وتعويضات العاملين / الاجوروالبدلات النقدية والعينية / المكافآت / حوافز العلميين
21110308,حافز جذب العمالة,6,21110300,expense,لإستخدامات / المصروفات / الأجور وتعويضات العاملين / الاجوروالبدلات النقدية والعينية / المكافآت / حافز جذب العمالة
21110309,حافز تميز (ماجستير ودكتوراه),6,21110300,expense,لإستخدامات / المصروفات / الأجور وتعويضات العاملين / الاجوروالبدلات النقدية والعينية / المكافآت / حافز تميز (ماجستير ودكتوراه)
21110310,مكافآت التدريس,6,21110300,expense,لإستخدامات / المصروفات / الأجور وتعويضات العاملين / الاجوروالبدلات النقدية والعينية / المكافآت / مكافآت التدريس
21110311,مكافآت الريادة العلمية و الاجتماعية,6,21110300,expense,لإستخدامات / المصروفات / الأجور وتعويضات العاملين / الاجوروالبدلات النقدية والعينية / المكافآت / مكافآت الريادة العلمية و الاجتماعية
21110312,مكافآت البحوث الاكاديمية و التطبيقية,6,21110300,expense,لإستخدامات / المصروفات / الأجور وتعويضات العاملين / الاجوروالبدلات النقدية والعينية / المكافآت / مكافآت البحوث الاكاديمية و التطبيقية
21110313,مكافآت الاشراف على الرسائل العلمية,6,21110300,expense,لإستخدامات / المصروفات / الأجور وتعويضات العاملين / الاجوروالبدلات النقدية والعينية / المكافآت / مكافآت الاشراف على الرسائل العلمية
21110314,مكافآت الامتحانات,6,21110300,expense,لإستخدامات / المصروفات / الأجور وتعويضات العاملين / الاجوروالبدلات النقدية والعينية / المكافآت / مكافآت الامتحانات
21110315,مكافآت التصحيح,6,21110300,expense,لإستخدامات / المصروفات / الأجور وتعويضات العاملين / الاجوروالبدلات النقدية والعينية / المكافآت / مكافآت التصحيح
21110316,مكافآت حضور جلسات و لجان,6,21110300,expense,لإستخدامات / المصروفات / الأجور وتعويضات العاملين / الاجوروالبدلات النقدية والعينية / المكافآت / مكافآت حضور جلسات و لجان
21110317,مكافآت طوارئ للعسكريين,6,21110300,expense,لإستخدامات / المصروفات / الأجور وتعويضات العاملين / الاجوروالبدلات النقدية والعينية / المكافآت / مكافآت طوارئ للعسكريين
21110318,مكافآت التدريب,6,21110300,expense,لإستخدامات / المصروفات / الأجور وتعويضات العاملين / الاجوروالبدلات النقدية والعينية / المكافآت / مكافآت التدريب
21110319,مكافآت محو الامية,6,21110300,expense,لإستخدامات / المصروفات / الأجور وتعويضات العاملين / الاجوروالبدلات النقدية والعينية / المكافآت / مكافآت محو الامية
21110320,مكافآت ساعات البحث الزائدة عن النصاب,6,21110300,expense,لإستخدامات / المصروفات / الأجور وتعويضات العاملين / الاجوروالبدلات النقدية والعينية / المكافآت / مكافآت ساعات البحث الزائدة عن النصاب
21110321,مكافآت اخرى,6,21110300,expense,لإستخدامات / المصروفات / الأجور وتعويضات العاملين / الاجوروالبدلات النقدية والعينية / المكافآت / مكافآت اخرى
21110322,تكاليف حافز اثابة اضافى,6,21110300,expense,لإستخدامات / المصروفات / الأجور وتعويضات العاملين / الاجوروالبدلات النقدية والعينية / المكافآت / تكاليف حافز اثابة اضافى
21110323,حوافز أداء المعلمين,6,21110300,expense,لإستخدامات / المصروفات / الأجور وتعويضات العاملين / الاجوروالبدلات النقدية والعينية / المكافآت / حوافز أداء المعلمين
21110324,حافز جودة,6,21110300,expense,لإستخدامات / المصروفات / الأجور وتعويضات العاملين / الاجوروالبدلات النقدية والعينية / المكافآت / حافز جودة
21110325,مكاقات المستشارين,6,21110300,expense,لإستخدامات / المصروفات / الأجور وتعويضات العاملين / الاجوروالبدلات النقدية والعينية / المكافآت / مكاقات المستشارين
21110326,الحافز التعويضى,6,21110300,expense,لإستخدامات / المصروفات / الأجور وتعويضات العاملين / الاجوروالبدلات النقدية والعينية / المكافآت / الحافز التعويضى
21110327,حافز الميكنة وتحديث البيانات,6,21110300,expense,لإستخدامات / المصروفات / الأجور وتعويضات العاملين / الاجوروالبدلات النقدية والعينية / المكافآت / حافز الميكنة وتحديث البيانات
21110328,حافز اضافى,6,21110300,expense,لإستخدامات / المصروفات / الأجور وتعويضات العاملين / الاجوروالبدلات النقدية والعينية / المكافآت / حافز اضافى
21110329,حافز تكميلى للحد الأدنى,6,21110300,expense,لإستخدامات / المصروفات / الأجور وتعويضات العاملين / الاجوروالبدلات النقدية والعينية / المكافآت / حافز تكميلى للحد الأدنى
21110330,حافز تطوير التعليم قبل الجامعى,6,21110300,expense,لإستخدامات / المصروفات / الأجور وتعويضات العاملين / الاجوروالبدلات النقدية والعينية / المكافآت / حافز تطوير التعليم قبل الجامعى
21110331,حافز الإدارة المدرسية,6,21110300,expense,لإستخدامات / المصروفات / الأجور وتعويضات العاملين / الاجوروالبدلات النقدية والعينية / المكافآت / حافز الإدارة المدرسية
21110400,بدلات نوعية,5,21110000,expense,لإستخدامات / المصروفات / الأجور وتعويضات العاملين / الاجوروالبدلات النقدية والعينية / بدلات نوعية
21110401,بدل تمثيل الوظائف العليا,6,21110400,expense,لإستخدامات / المصروفات / الأجور وتعويضات العاملين / الاجوروالبدلات النقدية والعينية / بدلات نوعية / بدل تمثيل الوظائف العليا
21110402,بدل تمثيل لموظفين بالخارج,6,21110400,expense,لإستخدامات / المصروفات / الأجور وتعويضات العاملين / الاجوروالبدلات النقدية والعينية / بدلات نوعية / بدل تمثيل لموظفين بالخارج
21110403,بدل تمثيل لموظفين فنيين,6,21110400,expense,لإستخدامات / المصروفات / الأجور وتعويضات العاملين / الاجوروالبدلات النقدية والعينية / بدلات نوعية / بدل تمثيل لموظفين فنيين
21110404,بدل طبيعة عمل للاطباء,6,21110400,expense,لإستخدامات / المصروفات / الأجور وتعويضات العاملين / الاجوروالبدلات النقدية والعينية / بدلات نوعية / بدل طبيعة عمل للاطباء
21110405,بدل تسجيل الاطباء المقيمين,6,21110400,expense,لإستخدامات / المصروفات / الأجور وتعويضات العاملين / الاجوروالبدلات النقدية والعينية / بدلات نوعية / بدل تسجيل الاطباء المقيمين
21110406,بدل حرمان للصيادلة و الحكيمات و المولدات و الممرضات و الزائرات الصحيات و المفتشات,6,21110400,expense,لإستخدامات / المصروفات / الأجور وتعويضات العاملين / الاجوروالبدلات النقدية والعينية / بدلات نوعية / بدل حرمان للصيادلة و الحكيمات و المولدات و الممرضات و الزائرات الصحيات و المفتشات
21110407,بدل عدوى ووقاية من الاشعة,6,21110400,expense,لإستخدامات / المصروفات / الأجور وتعويضات العاملين / الاجوروالبدلات النقدية والعينية / بدلات نوعية / بدل عدوى ووقاية من الاشعة
21110408,بدل تفرغ للمهندسين,6,21110400,expense,لإستخدامات / المصروفات / الأجور وتعويضات العاملين / الاجوروالبدلات النقدية والعينية / بدلات نوعية / بدل تفرغ للمهندسين
21110409,بدل تفرغ للمحامين,6,21110400,expense,لإستخدامات / المصروفات / الأجور وتعويضات العاملين / الاجوروالبدلات النقدية والعينية / بدلات نوعية / بدل تفرغ للمحامين
21110410,بدل تفرغ لموظفين فنيين,6,21110400,expense,لإستخدامات / المصروفات / الأجور وتعويضات العاملين / الاجوروالبدلات النقدية والعينية / بدلات نوعية / بدل تفرغ لموظفين فنيين
21110411,بدل تفرغ للمهندسين الزراعيين,6,21110400,expense,لإستخدامات / المصروفات / الأجور وتعويضات العاملين / الاجوروالبدلات النقدية والعينية / بدلات نوعية / بدل تفرغ للمهندسين الزراعيين
21110412,بدل تفرغ للاطباء البيطريين,6,21110400,expense,لإستخدامات / المصروفات / الأجور وتعويضات العاملين / الاجوروالبدلات النقدية والعينية / بدلات نوعية / بدل تفرغ للاطباء البيطريين
21110413,بدل تفرغ للتجاريين,6,21110400,expense,لإستخدامات / المصروفات / الأجور وتعويضات العاملين / الاجوروالبدلات النقدية والعينية / بدلات نوعية / بدل تفرغ للتجاريين
21110414,بدلات عسكرية,6,21110400,expense,لإستخدامات / المصروفات / الأجور وتعويضات العاملين / الاجوروالبدلات النقدية والعينية / بدلات نوعية / بدلات عسكرية
21110415,بدل طبيعة عمل,6,21110400,expense,لإستخدامات / المصروفات / الأجور وتعويضات العاملين / الاجوروالبدلات النقدية والعينية / بدلات نوعية / بدل طبيعة عمل
21110416,بدل تفتيش,6,21110400,expense,لإستخدامات / المصروفات / الأجور وتعويضات العاملين / الاجوروالبدلات النقدية والعينية / بدلات نوعية / بدل تفتيش
21110417,بدل امتياز,6,21110400,expense,لإستخدامات / المصروفات / الأجور وتعويضات العاملين / الاجوروالبدلات النقدية والعينية / بدلات نوعية / بدل امتياز
21110418,بدل عمادة ووكالة و رئاسة قسم,6,21110400,expense,لإستخدامات / المصروفات / الأجور وتعويضات العاملين / الاجوروالبدلات النقدية والعينية / بدلات نوعية / بدل عمادة ووكالة و رئاسة قسم
21110419,بدل صيارف و تحصيل و بدل عجز للصيارف,6,21110400,expense,لإستخدامات / المصروفات / الأجور وتعويضات العاملين / الاجوروالبدلات النقدية والعينية / بدلات نوعية / بدل صيارف و تحصيل و بدل عجز للصيارف
21110420,بدل اختزال,6,21110400,expense,لإستخدامات / المصروفات / الأجور وتعويضات العاملين / الاجوروالبدلات النقدية والعينية / بدلات نوعية / بدل اختزال
21110421,بدل خطر,6,21110400,expense,لإستخدامات / المصروفات / الأجور وتعويضات العاملين / الاجوروالبدلات النقدية والعينية / بدلات نوعية / بدل خطر
21110422,بدل لمكافحة المخدرات,6,21110400,expense,لإستخدامات / المصروفات / الأجور وتعويضات العاملين / الاجوروالبدلات النقدية والعينية / بدلات نوعية / بدل لمكافحة المخدرات
21110423,بدل سماعة للتليفون و اللاسلكى,6,21110400,expense,لإستخدامات / المصروفات / الأجور وتعويضات العاملين / الاجوروالبدلات النقدية والعينية / بدلات نوعية / بدل سماعة للتليفون و اللاسلكى
21110424,بدل غطاسة,6,21110400,expense,لإستخدامات / المصروفات / الأجور وتعويضات العاملين / الاجوروالبدلات النقدية والعينية / بدلات نوعية / بدل غطاسة
21110425,بدل قيادة,6,21110400,expense,لإستخدامات / المصروفات / الأجور وتعويضات العاملين / الاجوروالبدلات النقدية والعينية / بدلات نوعية / بدل قيادة
21110426,بدل صناعة,6,21110400,expense,لإستخدامات / المصروفات / الأجور وتعويضات العاملين / الاجوروالبدلات النقدية والعينية / بدلات نوعية / بدل صناعة
21110427,بدلات مهنية وفنية اخرى,6,21110400,expense,لإستخدامات / المصروفات / الأجور وتعويضات العاملين / الاجوروالبدلات النقدية والعينية / بدلات نوعية / بدلات مهنية وفنية اخرى
21110428,بدل اقامة بالجهات النائية,6,21110400,expense,لإستخدامات / المصروفات / الأجور وتعويضات العاملين / الاجوروالبدلات النقدية والعينية / بدلات نوعية / بدل اقامة بالجهات النائية
21110429,بدل قرية للاخصائيين و الحكيمات و الباحثين الاجتماعيين,6,21110400,expense,لإستخدامات / المصروفات / الأجور وتعويضات العاملين / الاجوروالبدلات النقدية والعينية / بدلات نوعية / بدل قرية للاخصائيين و الحكيمات و الباحثين الاجتماعيين
21110430,بدل سودان,6,21110400,expense,لإستخدامات / المصروفات / الأجور وتعويضات العاملين / الاجوروالبدلات النقدية والعينية / بدلات نوعية / بدل سودان
21110431,بدل اغتراب,6,21110400,expense,لإستخدامات / المصروفات / الأجور وتعويضات العاملين / الاجوروالبدلات النقدية والعينية / بدلات نوعية / بدل اغتراب
21110432,بدل مناخ,6,21110400,expense,لإستخدامات / المصروفات / الأجور وتعويضات العاملين / الاجوروالبدلات النقدية والعينية / بدلات نوعية / بدل مناخ
21110433,بدل سكن فى الداخل و الخارج,6,21110400,expense,لإستخدامات / المصروفات / الأجور وتعويضات العاملين / الاجوروالبدلات النقدية والعينية / بدلات نوعية / بدل سكن فى الداخل و الخارج
21110434,بدل ماجستير ودكتوراه,6,21110400,expense,لإستخدامات / المصروفات / الأجور وتعويضات العاملين / الاجوروالبدلات النقدية والعينية / بدلات نوعية / بدل ماجستير ودكتوراه
21110435,بدل بحث,6,21110400,expense,لإستخدامات / المصروفات / الأجور وتعويضات العاملين / الاجوروالبدلات النقدية والعينية / بدلات نوعية / بدل بحث
21110436,بدل استقبال و ضيافة,6,21110400,expense,لإستخدامات / المصروفات / الأجور وتعويضات العاملين / الاجوروالبدلات النقدية والعينية / بدلات نوعية / بدل استقبال و ضيافة
21110437,بدل مراسلة,6,21110400,expense,لإستخدامات / المصروفات / الأجور وتعويضات العاملين / الاجوروالبدلات النقدية والعينية / بدلات نوعية / بدل مراسلة
21110438,بدل أغذية,6,21110400,expense,لإستخدامات / المصروفات / الأجور وتعويضات العاملين / الاجوروالبدلات النقدية والعينية / بدلات نوعية / بدل أغذية
21110439,بدل ملابس,6,21110400,expense,لإستخدامات / المصروفات / الأجور وتعويضات العاملين / الاجوروالبدلات النقدية والعينية / بدلات نوعية / بدل ملابس
21110440,بدل انتقال نقدى ثابت ونظير عدم تخصيص سيارات ركوب حكومية,6,21110400,expense,لإستخدامات / المصروفات / الأجور وتعويضات العاملين / الاجوروالبدلات النقدية والعينية / بدلات نوعية / بدل انتقال نقدى ثابت ونظير عدم تخصيص سيارات ركوب حكومية
21110441,بدل قضاء,6,21110400,expense,لإستخدامات / المصروفات / الأجور وتعويضات العاملين / الاجوروالبدلات النقدية والعينية / بدلات نوعية / بدل قضاء
21110442,بدل جامعة,6,21110400,expense,لإستخدامات / المصروفات / الأجور وتعويضات العاملين / الاجوروالبدلات النقدية والعينية / بدلات نوعية / بدل جامعة
21110443,بدل يخص العلاقات الثقافية والتعاون الخارجى,6,21110400,expense,لإستخدامات / المصروفات / الأجور وتعويضات العاملين / الاجوروالبدلات النقدية والعينية / بدلات نوعية / بدل يخص العلاقات الثقافية والتعاون الخارجى
21110444,بدل تفرغ فنانين تشكيليين,6,21110400,expense,لإستخدامات / المصروفات / الأجور وتعويضات العاملين / الاجوروالبدلات النقدية والعينية / بدلات نوعية / بدل تفرغ فنانين تشكيليين
21110445,بدل معلم (تدريس),6,21110400,expense,لإستخدامات / المصروفات / الأجور وتعويضات العاملين / الاجوروالبدلات النقدية والعينية / بدلات نوعية / بدل معلم (تدريس)
21110446,بدل اعتماد (معلمين),6,21110400,expense,لإستخدامات / المصروفات / الأجور وتعويضات العاملين / الاجوروالبدلات النقدية والعينية / بدلات نوعية / بدل اعتماد (معلمين)
21110447,بدلات مختلفة أخرى,6,21110400,expense,لإستخدامات / المصروفات / الأجور وتعويضات العاملين / الاجوروالبدلات النقدية والعينية / بدلات نوعية / بدلات مختلفة أخرى
21110448,بدل مخاطر مهن طبية,6,21110400,expense,لإستخدامات / المصروفات / الأجور وتعويضات العاملين / الاجوروالبدلات النقدية والعينية / بدلات نوعية / بدل مخاطر مهن طبية
21110449,بدل تمثيل إضافى,6,21110400,expense,لإستخدامات / المصروفات / الأجور وتعويضات العاملين / الاجوروالبدلات النقدية والعينية / بدلات نوعية / بدل تمثيل إضافى
21110500,مزايا نقدية,5,21110000,expense,لإستخدامات / المصروفات / الأجور وتعويضات العاملين / الاجوروالبدلات النقدية والعينية / مزايا نقدية
21110501,اعانة غلاء المعيشة,6,21110500,expense,لإستخدامات / المصروفات / الأجور وتعويضات العاملين / الاجوروالبدلات النقدية والعينية / مزايا نقدية / اعانة غلاء المعيشة
21110502,علاوة اجتماعية,6,21110500,expense,لإستخدامات / المصروفات / الأجور وتعويضات العاملين / الاجوروالبدلات النقدية والعينية / مزايا نقدية / علاوة اجتماعية
21110503,علاوة اجتماعية اضافية,6,21110500,expense,لإستخدامات / المصروفات / الأجور وتعويضات العاملين / الاجوروالبدلات النقدية والعينية / مزايا نقدية / علاوة اجتماعية اضافية
21110504,تكاليف تعويض العاملات بما يعادل 25% من المرتب الشهرى,6,21110500,expense,لإستخدامات / المصروفات / الأجور وتعويضات العاملين / الاجوروالبدلات النقدية والعينية / مزايا نقدية / تكاليف تعويض العاملات بما يعادل 25% من المرتب الشهرى
21110505,العلاوة الخاصة,6,21110500,expense,لإستخدامات / المصروفات / الأجور وتعويضات العاملين / الاجوروالبدلات النقدية والعينية / مزايا نقدية / العلاوة الخاصة
21110506,المنحة الشهرية,6,21110500,expense,لإستخدامات / المصروفات / الأجور وتعويضات العاملين / الاجوروالبدلات النقدية والعينية / مزايا نقدية / المنحة الشهرية
21110507,مزايا نقدية أخرى,6,21110500,expense,لإستخدامات / المصروفات / الأجور وتعويضات العاملين / الاجوروالبدلات النقدية والعينية / مزايا نقدية / مزايا نقدية أخرى
21110508,علاوة الحد الأدنى,6,21110500,expense,لإستخدامات / المصروفات / الأجور وتعويضات العاملين / الاجوروالبدلات النقدية والعينية / مزايا نقدية / علاوة الحد الأدنى
21110509,علاوة مقابل الأعباء الوظيفية للمعلمين,6,21110500,expense,لإستخدامات / المصروفات / الأجور وتعويضات العاملين / الاجوروالبدلات النقدية والعينية / مزايا نقدية / علاوة مقابل الأعباء الوظيفية للمعلمين
21110510,تكاليف المقابل النقدى لرصيد الاجازات الاعتيادية,6,21110500,expense,لإستخدامات / المصروفات / الأجور وتعويضات العاملين / الاجوروالبدلات النقدية والعينية / مزايا نقدية / تكاليف المقابل النقدى لرصيد الاجازات الاعتيادية
21110511,غلاء معيشة إستثنائية,6,21110500,expense,لإستخدامات / المصروفات / الأجور وتعويضات العاملين / الاجوروالبدلات النقدية والعينية / مزايا نقدية / غلاء معيشة إستثنائية
21110512,الحد الأدنى للحزمة الإجتماعية,6,21110500,expense,لإستخدامات / المصروفات / الأجور وتعويضات العاملين / الاجوروالبدلات النقدية والعينية / مزايا نقدية / الحد الأدنى للحزمة الإجتماعية
21110513,"علاوة الحد الأدنى للأجور من حاملي الشهادة العلمية ""ماجستير ودكتوراة""",6,21110500,expense,"لإستخدامات / المصروفات / الأجور وتعويضات العاملين / الاجوروالبدلات النقدية والعينية / مزايا نقدية / علاوة الحد الأدنى للأجور من حاملي الشهادة العلمية ""ماجستير ودكتوراة"""
21110600,المزايا العينية,5,21110000,expense,لإستخدامات / المصروفات / الأجور وتعويضات العاملين / الاجوروالبدلات النقدية والعينية / المزايا العينية
21110601,أغذية للعاملين,6,21110600,expense,لإستخدامات / المصروفات / الأجور وتعويضات العاملين / الاجوروالبدلات النقدية والعينية / المزايا العينية / أغذية للعاملين
21110602,ملابس للعاملين,6,21110600,expense,لإستخدامات / المصروفات / الأجور وتعويضات العاملين / الاجوروالبدلات النقدية والعينية / المزايا العينية / ملابس للعاملين
21110603,علاج طبى للعاملين,6,21110600,expense,لإستخدامات / المصروفات / الأجور وتعويضات العاملين / الاجوروالبدلات النقدية والعينية / المزايا العينية / علاج طبى للعاملين
21110604,خدمات اجتماعية ورياضية للعاملين,6,21110600,expense,لإستخدامات / المصروفات / الأجور وتعويضات العاملين / الاجوروالبدلات النقدية والعينية / المزايا العينية / خدمات اجتماعية ورياضية للعاملين
21110605,اخرى,6,21110600,expense,لإستخدامات / المصروفات / الأجور وتعويضات العاملين / الاجوروالبدلات النقدية والعينية / المزايا العينية / اخرى
21120000,المزايا التأمينية,4,21100000,expense,لإستخدامات / المصروفات / الأجور وتعويضات العاملين / المزايا التأمينية
21120100,حصة الحكومة فى صندوق التأمين الاجتماعى للحكومة,5,21120000,expense,لإستخدامات / المصروفات / الأجور وتعويضات العاملين / المزايا التأمينية / حصة الحكومة فى صندوق التأمين الاجتماعى للحكومة
21120101,التأمين ضد الشيخوخة والعجز والوفاة,6,21120100,expense,لإستخدامات / المصروفات / الأجور وتعويضات العاملين / المزايا التأمينية / حصة الحكومة فى صندوق التأمين الاجتماعى للحكومة / التأمين ضد الشيخوخة والعجز والوفاة
21120102,حصة الحكومة فى اشتراكات نظام المكافآت,6,21120100,expense,لإستخدامات / المصروفات / الأجور وتعويضات العاملين / المزايا التأمينية / حصة الحكومة فى صندوق التأمين الاجتماعى للحكومة / حصة الحكومة فى اشتراكات نظام المكافآت
21120103,اشتراكات المدة السابقة,6,21120100,expense,لإستخدامات / المصروفات / الأجور وتعويضات العاملين / المزايا التأمينية / حصة الحكومة فى صندوق التأمين الاجتماعى للحكومة / اشتراكات المدة السابقة
21120104,تكاليف مساهمة الحكومة فى التأمين على العاملات فى اجازة لرعاية أطفالهن,6,21120100,expense,لإستخدامات / المصروفات / الأجور وتعويضات العاملين / المزايا التأمينية / حصة الحكومة فى صندوق التأمين الاجتماعى للحكومة / تكاليف مساهمة الحكومة فى التأمين على العاملات فى اجازة لرعاية أطفالهن
21120200,مزايا تأمينية أخرى,5,21120000,expense,لإستخدامات / المصروفات / الأجور وتعويضات العاملين / المزايا التأمينية / مزايا تأمينية أخرى
21120201,التأمين ضد المرض,6,21120200,expense,لإستخدامات / المصروفات / الأجور وتعويضات العاملين / المزايا التأمينية / مزايا تأمينية أخرى / التأمين ضد المرض
21120202,التأمين ضد اصابة العمل,6,21120200,expense,لإستخدامات / المصروفات / الأجور وتعويضات العاملين / المزايا التأمينية / مزايا تأمينية أخرى / التأمين ضد اصابة العمل
21120203,التأمين ضد المرض (تأمين صحي شامل),6,21120200,expense,لإستخدامات / المصروفات / الأجور وتعويضات العاملين / المزايا التأمينية / مزايا تأمينية أخرى / التأمين ضد المرض (تأمين صحي شامل)
21120204,التأمين ضد إصابة العمل (تأمين صحي شامل),6,21120200,expense,لإستخدامات / المصروفات / الأجور وتعويضات العاملين / المزايا التأمينية / مزايا تأمينية أخرى / التأمين ضد إصابة العمل (تأمين صحي شامل)
21130000,الأجور الإجمالية والاحتياطيات العامة,4,21100000,expense,لإستخدامات / المصروفات / الأجور وتعويضات العاملين / الأجور الإجمالية والاحتياطيات العامة
21130100,الأجور الإجمالية,5,21130000,expense,لإستخدامات / المصروفات / الأجور وتعويضات العاملين / الأجور الإجمالية والاحتياطيات العامة / الأجور الإجمالية
21130101,أجور إجمالية مدرجة بموازنات الجهات,6,21130100,expense,لإستخدامات / المصروفات / الأجور وتعويضات العاملين / الأجور الإجمالية والاحتياطيات العامة / الأجور الإجمالية / أجور إجمالية مدرجة بموازنات الجهات
21130102,اعتمادات أجور للحسابات والصناديق الخاصة,6,21130100,expense,لإستخدامات / المصروفات / الأجور وتعويضات العاملين / الأجور الإجمالية والاحتياطيات العامة / الأجور الإجمالية / اعتمادات أجور للحسابات والصناديق الخاصة
21130200,المتطلبات الإضافية للأجور,5,21130000,expense,لإستخدامات / المصروفات / الأجور وتعويضات العاملين / الأجور الإجمالية والاحتياطيات العامة / المتطلبات الإضافية للأجور
21130201,احتياطيات عامة للأجور,6,21130200,expense,لإستخدامات / المصروفات / الأجور وتعويضات العاملين / الأجور الإجمالية والاحتياطيات العامة / المتطلبات الإضافية للأجور / احتياطيات عامة للأجور
21130202,المتطلبات الإضافية الأخرى للأجور,6,21130200,expense,لإستخدامات / المصروفات / الأجور وتعويضات العاملين / الأجور الإجمالية والاحتياطيات العامة / المتطلبات الإضافية للأجور / المتطلبات الإضافية الأخرى للأجور
21140000,الاجور المستبعدة,4,21100000,expense,لإستخدامات / المصروفات / الأجور وتعويضات العاملين / الاجور المستبعدة
21140100,اجور مستبعد للتحصيل من شراء الأصول غير المالية,5,21140000,expense,لإستخدامات / المصروفات / الأجور وتعويضات العاملين / الاجور المستبعدة / اجور مستبعد للتحصيل من شراء الأصول غير المالية
21140101,أجور مستبعدة من مصادر أخرى,6,21140100,expense,لإستخدامات / المصروفات / الأجور وتعويضات العاملين / الاجور المستبعدة / اجور مستبعد للتحصيل من شراء الأصول غير المالية / أجور مستبعدة من مصادر أخرى
21200000,راء السلع والخدمات,3,21000000,expense,لإستخدامات / المصروفات / راء السلع والخدمات
21210000,السلع,4,21200000,expense,لإستخدامات / المصروفات / راء السلع والخدمات / السلع
21210100,المواد الخام,5,21210000,expense,لإستخدامات / المصروفات / راء السلع والخدمات / السلع / المواد الخام
21210101,الأدوية,6,21210100,expense,لإستخدامات / المصروفات / راء السلع والخدمات / السلع / المواد الخام / الأدوية
21210102,الأغذية,6,21210100,expense,لإستخدامات / المصروفات / راء السلع والخدمات / السلع / المواد الخام / الأغذية
21210103,مواد خام أخرى,6,21210100,expense,لإستخدامات / المصروفات / راء السلع والخدمات / السلع / المواد الخام / مواد خام أخرى
21210104,مستلزمات طبية,6,21210100,expense,لإستخدامات / المصروفات / راء السلع والخدمات / السلع / المواد الخام / مستلزمات طبية
21210200,وقود وزيوت و قوى محركة للتشغيل,5,21210000,expense,لإستخدامات / المصروفات / راء السلع والخدمات / السلع / وقود وزيوت و قوى محركة للتشغيل
21210201,فحومات,6,21210200,expense,لإستخدامات / المصروفات / راء السلع والخدمات / السلع / وقود وزيوت و قوى محركة للتشغيل / فحومات
21210202,مواد بترولية وغاز,6,21210200,expense,لإستخدامات / المصروفات / راء السلع والخدمات / السلع / وقود وزيوت و قوى محركة للتشغيل / مواد بترولية وغاز
21210203,مواد تزييت و تشحيم,6,21210200,expense,لإستخدامات / المصروفات / راء السلع والخدمات / السلع / وقود وزيوت و قوى محركة للتشغيل / مواد تزييت و تشحيم
21210204,كهرباء,6,21210200,expense,لإستخدامات / المصروفات / راء السلع والخدمات / السلع / وقود وزيوت و قوى محركة للتشغيل / كهرباء
21210300,وقود وزيوت لسيارات الركوب,5,21210000,expense,لإستخدامات / المصروفات / راء السلع والخدمات / السلع / وقود وزيوت لسيارات الركوب
21210301,مواد بترولية وغاز,6,21210300,expense,لإستخدامات / المصروفات / راء السلع والخدمات / السلع / وقود وزيوت لسيارات الركوب / مواد بترولية وغاز
21210302,مواد تزييت و تشحيم,6,21210300,expense,لإستخدامات / المصروفات / راء السلع والخدمات / السلع / وقود وزيوت لسيارات الركوب / مواد تزييت و تشحيم
21210400,قطع غيار ومهمات,5,21210000,expense,لإستخدامات / المصروفات / راء السلع والخدمات / السلع / قطع غيار ومهمات
21210401,قطع غيار و مواد للصيانة,6,21210400,expense,لإستخدامات / المصروفات / راء السلع والخدمات / السلع / قطع غيار ومهمات / قطع غيار و مواد للصيانة
21210402,مواد و مهمات متنوعة,6,21210400,expense,لإستخدامات / المصروفات / راء السلع والخدمات / السلع / قطع غيار ومهمات / مواد و مهمات متنوعة
21210500,مواد تعبئة وتغليف,5,21210000,expense,لإستخدامات / المصروفات / راء السلع والخدمات / السلع / مواد تعبئة وتغليف
21210501,مواد مستهلكة,6,21210500,expense,لإستخدامات / المصروفات / راء السلع والخدمات / السلع / مواد تعبئة وتغليف / مواد مستهلكة
21210502,مواد متداولة,6,21210500,expense,لإستخدامات / المصروفات / راء السلع والخدمات / السلع / مواد تعبئة وتغليف / مواد متداولة
21210600,ادوات كتابية وكتب,5,21210000,expense,لإستخدامات / المصروفات / راء السلع والخدمات / السلع / ادوات كتابية وكتب
21210601,ادوات كتابية ومكتبية,6,21210600,expense,لإستخدامات / المصروفات / راء السلع والخدمات / السلع / ادوات كتابية وكتب / ادوات كتابية ومكتبية
21210602,كتب ومجلات ووثائق اخرى للمكتبات,6,21210600,expense,لإستخدامات / المصروفات / راء السلع والخدمات / السلع / ادوات كتابية وكتب / كتب ومجلات ووثائق اخرى للمكتبات
21210603,كراسات ودفاتر,6,21210600,expense,لإستخدامات / المصروفات / راء السلع والخدمات / السلع / ادوات كتابية وكتب / كراسات ودفاتر
21210604,مطبوعات اخرى,6,21210600,expense,لإستخدامات / المصروفات / راء السلع والخدمات / السلع / ادوات كتابية وكتب / مطبوعات اخرى
21210700,مياه وانارة,5,21210000,expense,لإستخدامات / المصروفات / راء السلع والخدمات / السلع / مياه وانارة
21210701,مياه,6,21210700,expense,لإستخدامات / المصروفات / راء السلع والخدمات / السلع / مياه وانارة / مياه
21210702,انارة,6,21210700,expense,لإستخدامات / المصروفات / راء السلع والخدمات / السلع / مياه وانارة / انارة
21210800,مستلزمات سلعية متنوعة,5,21210000,expense,لإستخدامات / المصروفات / راء السلع والخدمات / السلع / مستلزمات سلعية متنوعة
21210801,مستلزمات تعليمية ومعينات سمعية و بصرية,6,21210800,expense,لإستخدامات / المصروفات / راء السلع والخدمات / السلع / مستلزمات سلعية متنوعة / مستلزمات تعليمية ومعينات سمعية و بصرية
21210802,مستلزمات تنظيم الحدائق,6,21210800,expense,لإستخدامات / المصروفات / راء السلع والخدمات / السلع / مستلزمات سلعية متنوعة / مستلزمات تنظيم الحدائق
21210803,مستلزمات تصوير,6,21210800,expense,لإستخدامات / المصروفات / راء السلع والخدمات / السلع / مستلزمات سلعية متنوعة / مستلزمات تصوير
21210804,مستلزمات موسيقى,6,21210800,expense,لإستخدامات / المصروفات / راء السلع والخدمات / السلع / مستلزمات سلعية متنوعة / مستلزمات موسيقى
21210805,مستلزمات العاب رياضية,6,21210800,expense,لإستخدامات / المصروفات / راء السلع والخدمات / السلع / مستلزمات سلعية متنوعة / مستلزمات العاب رياضية
21210806,مستلزمات سلعية متنوعة,6,21210800,expense,لإستخدامات / المصروفات / راء السلع والخدمات / السلع / مستلزمات سلعية متنوعة / مستلزمات سلعية متنوعة
21210900,سلع مشتراه بغرض إعادة البيع,5,21210000,expense,لإستخدامات / المصروفات / راء السلع والخدمات / السلع / سلع مشتراه بغرض إعادة البيع
21210901,محلية,6,21210900,expense,لإستخدامات / المصروفات / راء السلع والخدمات / السلع / سلع مشتراه بغرض إعادة البيع / محلية
21210902,أجنبية,6,21210900,expense,لإستخدامات / المصروفات / راء السلع والخدمات / السلع / سلع مشتراه بغرض إعادة البيع / أجنبية
21220000,الخدمات,4,21200000,expense,لإستخدامات / المصروفات / راء السلع والخدمات / الخدمات
21220100,نفقات الصيانة,5,21220000,expense,لإستخدامات / المصروفات / راء السلع والخدمات / الخدمات / نفقات الصيانة
21220101,صيانة و تطهير لوسائل الرى و الصرف,6,21220100,expense,لإستخدامات / المصروفات / راء السلع والخدمات / الخدمات / نفقات الصيانة / صيانة و تطهير لوسائل الرى و الصرف
21220102,صيانة و ترميم مبانى انشاءات و اعمال صغيرة المبانى,6,21220100,expense,لإستخدامات / المصروفات / راء السلع والخدمات / الخدمات / نفقات الصيانة / صيانة و ترميم مبانى انشاءات و اعمال صغيرة المبانى
21220103,صيانة مرافق و شبكات,6,21220100,expense,لإستخدامات / المصروفات / راء السلع والخدمات / الخدمات / نفقات الصيانة / صيانة مرافق و شبكات
21220104,صيانة طرق و جسور و كبارى,6,21220100,expense,لإستخدامات / المصروفات / راء السلع والخدمات / الخدمات / نفقات الصيانة / صيانة طرق و جسور و كبارى
21220105,صيانة آلات و معدات,6,21220100,expense,لإستخدامات / المصروفات / راء السلع والخدمات / الخدمات / نفقات الصيانة / صيانة آلات و معدات
21220106,صيانة وسائل نقل واتصالات,6,21220100,expense,لإستخدامات / المصروفات / راء السلع والخدمات / الخدمات / نفقات الصيانة / صيانة وسائل نقل واتصالات
21220107,صيانة اثاث و معدات مكتبية ومكاتب,6,21220100,expense,لإستخدامات / المصروفات / راء السلع والخدمات / الخدمات / نفقات الصيانة / صيانة اثاث و معدات مكتبية ومكاتب
21220108,صيانة الحاسبات والاجهزة الالكترونية,6,21220100,expense,لإستخدامات / المصروفات / راء السلع والخدمات / الخدمات / نفقات الصيانة / صيانة الحاسبات والاجهزة الالكترونية
21220109,اخرى,6,21220100,expense,لإستخدامات / المصروفات / راء السلع والخدمات / الخدمات / نفقات الصيانة / اخرى
21220110,صيانة الأجهزة الطبية,6,21220100,expense,لإستخدامات / المصروفات / راء السلع والخدمات / الخدمات / نفقات الصيانة / صيانة الأجهزة الطبية
21220111,صيانة مبانى الحى الحكومى بالعاصمة الادارية الجديدة,6,21220100,expense,لإستخدامات / المصروفات / راء السلع والخدمات / الخدمات / نفقات الصيانة / صيانة مبانى الحى الحكومى بالعاصمة الادارية الجديدة
21220200,نشر واعلان ودعاية واستقبال,5,21220000,expense,لإستخدامات / المصروفات / راء السلع والخدمات / الخدمات / نشر واعلان ودعاية واستقبال
21220201,نفقات نشر واعلان,6,21220200,expense,لإستخدامات / المصروفات / راء السلع والخدمات / الخدمات / نشر واعلان ودعاية واستقبال / نفقات نشر واعلان
21220202,نفقات دعاية,6,21220200,expense,لإستخدامات / المصروفات / راء السلع والخدمات / الخدمات / نشر واعلان ودعاية واستقبال / نفقات دعاية
21220203,نفقات الحفلات و الاستقبالات,6,21220200,expense,لإستخدامات / المصروفات / راء السلع والخدمات / الخدمات / نشر واعلان ودعاية واستقبال / نفقات الحفلات و الاستقبالات
21220204,نفقات الزيارات الدولية والاشتراك فى المؤتمرات الدولية,6,21220200,expense,لإستخدامات / المصروفات / راء السلع والخدمات / الخدمات / نشر واعلان ودعاية واستقبال / نفقات الزيارات الدولية والاشتراك فى المؤتمرات الدولية
21220205,نفقات الاشتراك فى المؤتمرات المحلية,6,21220200,expense,لإستخدامات / المصروفات / راء السلع والخدمات / الخدمات / نشر واعلان ودعاية واستقبال / نفقات الاشتراك فى المؤتمرات المحلية
21220206,نفقات الشئون والعلاقات العامة,6,21220200,expense,لإستخدامات / المصروفات / راء السلع والخدمات / الخدمات / نشر واعلان ودعاية واستقبال / نفقات الشئون والعلاقات العامة
21220207,اخرى,6,21220200,expense,لإستخدامات / المصروفات / راء السلع والخدمات / الخدمات / نشر واعلان ودعاية واستقبال / اخرى
21220300,نفقات طبع ودوريات وحقوق تأليف,5,21220000,expense,لإستخدامات / المصروفات / راء السلع والخدمات / الخدمات / نفقات طبع ودوريات وحقوق تأليف
21220301,نفقات طبع,6,21220300,expense,لإستخدامات / المصروفات / راء السلع والخدمات / الخدمات / نفقات طبع ودوريات وحقوق تأليف / نفقات طبع
21220302,اشتراكات فى مجلات وجرائد ودوريات,6,21220300,expense,لإستخدامات / المصروفات / راء السلع والخدمات / الخدمات / نفقات طبع ودوريات وحقوق تأليف / اشتراكات فى مجلات وجرائد ودوريات
21220303,شراء حقوق المؤلفين,6,21220300,expense,لإستخدامات / المصروفات / راء السلع والخدمات / الخدمات / نفقات طبع ودوريات وحقوق تأليف / شراء حقوق المؤلفين
21220304,نفقات تشجيع التأليف والمؤلفين,6,21220300,expense,لإستخدامات / المصروفات / راء السلع والخدمات / الخدمات / نفقات طبع ودوريات وحقوق تأليف / نفقات تشجيع التأليف والمؤلفين
21220305,اصدار كتب ومجلات ونشرات وثقافية وعلمية,6,21220300,expense,لإستخدامات / المصروفات / راء السلع والخدمات / الخدمات / نفقات طبع ودوريات وحقوق تأليف / اصدار كتب ومجلات ونشرات وثقافية وعلمية
21220306,اخرى,6,21220300,expense,لإستخدامات / المصروفات / راء السلع والخدمات / الخدمات / نفقات طبع ودوريات وحقوق تأليف / اخرى
21220400,نقل وانتقالات عامة,5,21220000,expense,لإستخدامات / المصروفات / راء السلع والخدمات / الخدمات / نقل وانتقالات عامة
21220401,نقل مهمات بالسكة الحديد,6,21220400,expense,لإستخدامات / المصروفات / راء السلع والخدمات / الخدمات / نقل وانتقالات عامة / نقل مهمات بالسكة الحديد
21220402,انتقالات عامة للعاملين و غير العاملين بالسكك الحديدية,6,21220400,expense,لإستخدامات / المصروفات / راء السلع والخدمات / الخدمات / نقل وانتقالات عامة / انتقالات عامة للعاملين و غير العاملين بالسكك الحديدية
21220403,نقل وانتقالات عامة بوسائل اخرى للسفر بالداخل,6,21220400,expense,لإستخدامات / المصروفات / راء السلع والخدمات / الخدمات / نقل وانتقالات عامة / نقل وانتقالات عامة بوسائل اخرى للسفر بالداخل
21220404,نقل وانتقالات عامة بوسائل اخرى للسفر بالخارج,6,21220400,expense,لإستخدامات / المصروفات / راء السلع والخدمات / الخدمات / نقل وانتقالات عامة / نقل وانتقالات عامة بوسائل اخرى للسفر بالخارج
21220405,تكاليف نقل وانتقالات وبدل انتقال للمعارين بالخارج,6,21220400,expense,لإستخدامات / المصروفات / راء السلع والخدمات / الخدمات / نقل وانتقالات عامة / تكاليف نقل وانتقالات وبدل انتقال للمعارين بالخارج
21220406,بدل انتقال للسفر بالداخل,6,21220400,expense,لإستخدامات / المصروفات / راء السلع والخدمات / الخدمات / نقل وانتقالات عامة / بدل انتقال للسفر بالداخل
21220407,بدل انتقال للسفر بالخارج,6,21220400,expense,لإستخدامات / المصروفات / راء السلع والخدمات / الخدمات / نقل وانتقالات عامة / بدل انتقال للسفر بالخارج
21220408,المقابل النقدى للعاملين بالمناطق النائية,6,21220400,expense,لإستخدامات / المصروفات / راء السلع والخدمات / الخدمات / نقل وانتقالات عامة / المقابل النقدى للعاملين بالمناطق النائية
21220409,اخرى,6,21220400,expense,لإستخدامات / المصروفات / راء السلع والخدمات / الخدمات / نقل وانتقالات عامة / اخرى
21220410,بدل الانتقال للموظفين المنتقلين للعاصمة الادارية الجديدة,6,21220400,expense,لإستخدامات / المصروفات / راء السلع والخدمات / الخدمات / نقل وانتقالات عامة / بدل الانتقال للموظفين المنتقلين للعاصمة الادارية الجديدة
21220411,بدل سكن للموظفين المنتقلين للعاصمة الاداراية الجديدة,6,21220400,expense,لإستخدامات / المصروفات / راء السلع والخدمات / الخدمات / نقل وانتقالات عامة / بدل سكن للموظفين المنتقلين للعاصمة الاداراية الجديدة
21220500,البريد والإتصالات,5,21220000,expense,لإستخدامات / المصروفات / راء السلع والخدمات / الخدمات / البريد والإتصالات
21220501,بريد,6,21220500,expense,لإستخدامات / المصروفات / راء السلع والخدمات / الخدمات / البريد والإتصالات / بريد
21220502,تليفون,6,21220500,expense,لإستخدامات / المصروفات / راء السلع والخدمات / الخدمات / البريد والإتصالات / تليفون
21220503,تلغراف,6,21220500,expense,لإستخدامات / المصروفات / راء السلع والخدمات / الخدمات / البريد والإتصالات / تلغراف
21220504,اشتراك تيكر,6,21220500,expense,لإستخدامات / المصروفات / راء السلع والخدمات / الخدمات / البريد والإتصالات / اشتراك تيكر
21220505,تلكس و فاكس,6,21220500,expense,لإستخدامات / المصروفات / راء السلع والخدمات / الخدمات / البريد والإتصالات / تلكس و فاكس
21220506,شبكة الانترنت,6,21220500,expense,لإستخدامات / المصروفات / راء السلع والخدمات / الخدمات / البريد والإتصالات / شبكة الانترنت
21220507,اخرى,6,21220500,expense,لإستخدامات / المصروفات / راء السلع والخدمات / الخدمات / البريد والإتصالات / اخرى
21220508,خطوط الإنترنت المؤمنة,6,21220500,expense,لإستخدامات / المصروفات / راء السلع والخدمات / الخدمات / البريد والإتصالات / خطوط الإنترنت المؤمنة
21220600,ايجار,5,21220000,expense,لإستخدامات / المصروفات / راء السلع والخدمات / الخدمات / ايجار
21220601,ايجار أراضى ومبانى ومخازن وجراجات وغيرها,6,21220600,expense,لإستخدامات / المصروفات / راء السلع والخدمات / الخدمات / ايجار / ايجار أراضى ومبانى ومخازن وجراجات وغيرها
21220602,ايجار آلات احصائية وحاسبات,6,21220600,expense,لإستخدامات / المصروفات / راء السلع والخدمات / الخدمات / ايجار / ايجار آلات احصائية وحاسبات
21220603,ايجار آلات وماكينات ومعدات,6,21220600,expense,لإستخدامات / المصروفات / راء السلع والخدمات / الخدمات / ايجار / ايجار آلات وماكينات ومعدات
21220604,ايجار خيام وكراسى,6,21220600,expense,لإستخدامات / المصروفات / راء السلع والخدمات / الخدمات / ايجار / ايجار خيام وكراسى
21220605,ايجار وسائل نقل,6,21220600,expense,لإستخدامات / المصروفات / راء السلع والخدمات / الخدمات / ايجار / ايجار وسائل نقل
21220606,مقابل حق الانتفاع لمبانى الحى الحكومى بالعاصمة الادارية الجديدة,6,21220600,expense,لإستخدامات / المصروفات / راء السلع والخدمات / الخدمات / ايجار / مقابل حق الانتفاع لمبانى الحى الحكومى بالعاصمة الادارية الجديدة
21220700,نفقات إقامة معارض ومؤتمرات,5,21220000,expense,لإستخدامات / المصروفات / راء السلع والخدمات / الخدمات / نفقات إقامة معارض ومؤتمرات
21220701,بالداخل,6,21220700,expense,لإستخدامات / المصروفات / راء السلع والخدمات / الخدمات / نفقات إقامة معارض ومؤتمرات / بالداخل
21220702,بالخارج,6,21220700,expense,لإستخدامات / المصروفات / راء السلع والخدمات / الخدمات / نفقات إقامة معارض ومؤتمرات / بالخارج
21220800,تكاليف العلاقات الثقافية والتعاون الخارجى,5,21220000,expense,لإستخدامات / المصروفات / راء السلع والخدمات / الخدمات / تكاليف العلاقات الثقافية والتعاون الخارجى
21220801,تكاليف تبادل البعثات والوفود مع الحكومات الاجنبية وتنفيذ المعاهدات الثقافية,6,21220800,expense,لإستخدامات / المصروفات / راء السلع والخدمات / الخدمات / تكاليف العلاقات الثقافية والتعاون الخارجى / تكاليف تبادل البعثات والوفود مع الحكومات الاجنبية وتنفيذ المعاهدات الثقافية
21220802,تكاليف المكاتب و المراكز الثقافية و مكاتب البعثات,6,21220800,expense,لإستخدامات / المصروفات / راء السلع والخدمات / الخدمات / تكاليف العلاقات الثقافية والتعاون الخارجى / تكاليف المكاتب و المراكز الثقافية و مكاتب البعثات
21220803,أخرى,6,21220800,expense,لإستخدامات / المصروفات / راء السلع والخدمات / الخدمات / تكاليف العلاقات الثقافية والتعاون الخارجى / أخرى
21220900,تكاليف البحوث والتطوير وتدريب العاملين,5,21220000,expense,لإستخدامات / المصروفات / راء السلع والخدمات / الخدمات / تكاليف البحوث والتطوير وتدريب العاملين
21220901,خدمات ابحاث وتجارب,6,21220900,expense,لإستخدامات / المصروفات / راء السلع والخدمات / الخدمات / تكاليف البحوث والتطوير وتدريب العاملين / خدمات ابحاث وتجارب
21220902,تكاليف البرامج التدريبية,6,21220900,expense,لإستخدامات / المصروفات / راء السلع والخدمات / الخدمات / تكاليف البحوث والتطوير وتدريب العاملين / تكاليف البرامج التدريبية
21221000,نفقات خدمية متنوعة,5,,expense,نفقات خدمية متنوعة
21221001,نفقات تأمين و عمولة,6,21221000,expense,نفقات خدمية متنوعة / نفقات تأمين و عمولة
21221002,نفقات الأعياد و المواسم,6,21221000,expense,نفقات خدمية متنوعة / نفقات الأعياد و المواسم
21221003,نفقات تنفيذ الأحكام القضائية,6,21221000,expense,نفقات خدمية متنوعة / نفقات تنفيذ الأحكام القضائية
21221004,نفقات رسوم القيد بنقابة المحامين,6,21221000,expense,نفقات خدمية متنوعة / نفقات رسوم القيد بنقابة المحامين
21221005,نفقات لجان تحكيم,6,21221000,expense,نفقات خدمية متنوعة / نفقات لجان تحكيم
21221006,نفقات تشغيل لدى الغير و مقاولى الباطن,6,21221000,expense,نفقات خدمية متنوعة / نفقات تشغيل لدى الغير و مقاولى الباطن
21221007,نفقات سرية وذات طبيعة خاصة,6,21221000,expense,نفقات خدمية متنوعة / نفقات سرية وذات طبيعة خاصة
21221008,اخرى متنوعة,6,21221000,expense,نفقات خدمية متنوعة / اخرى متنوعة
21221009,نفقات خدمات الصرف الصحي,6,21221000,expense,نفقات خدمية متنوعة / نفقات خدمات الصرف الصحي
21221010,نفقات النظافة,6,21221000,expense,نفقات خدمية متنوعة / نفقات النظافة
21221011,نفقات الأمن والحراسة,6,21221000,expense,نفقات خدمية متنوعة / نفقات الأمن والحراسة
21221012,نفقات مقابل الخدمات الاعلامية,6,21221000,expense,نفقات خدمية متنوعة / نفقات مقابل الخدمات الاعلامية
21221013,نفقات خدمات التصديق الالكترونى الحكومية,6,21221000,expense,نفقات خدمية متنوعة / نفقات خدمات التصديق الالكترونى الحكومية
21221014,نفقات التامين على ارباب العهد,6,21221000,expense,نفقات خدمية متنوعة / نفقات التامين على ارباب العهد
21230000,شراء السلع والخدمات والاحتياطيات العامة,4,21200000,expense,لإستخدامات / المصروفات / راء السلع والخدمات / شراء السلع والخدمات والاحتياطيات العامة
21230100,شراء السلع والخدمات الإجمالية,5,21230000,expense,لإستخدامات / المصروفات / راء السلع والخدمات / شراء السلع والخدمات والاحتياطيات العامة / شراء السلع والخدمات الإجمالية
21230101,شراء سلع وخدمات إجمالية مدرجة بموازنات الجهات,6,21230100,expense,لإستخدامات / المصروفات / راء السلع والخدمات / شراء السلع والخدمات والاحتياطيات العامة / شراء السلع والخدمات الإجمالية / شراء سلع وخدمات إجمالية مدرجة بموازنات الجهات
21230102,اعتمادات شراء سلع وخدمات للحسابات والصناديق الخاصة,6,21230100,expense,لإستخدامات / المصروفات / راء السلع والخدمات / شراء السلع والخدمات والاحتياطيات العامة / شراء السلع والخدمات الإجمالية / اعتمادات شراء سلع وخدمات للحسابات والصناديق الخاصة
21230200,المتطلبات الإضافية لشراء السلع والخدمات,5,21230000,expense,لإستخدامات / المصروفات / راء السلع والخدمات / شراء السلع والخدمات والاحتياطيات العامة / المتطلبات الإضافية لشراء السلع والخدمات
21230201,احتياطيات عامة لشراء السلع والخدمات,6,21230200,expense,لإستخدامات / المصروفات / راء السلع والخدمات / شراء السلع والخدمات والاحتياطيات العامة / المتطلبات الإضافية لشراء السلع والخدمات / احتياطيات عامة لشراء السلع والخدمات
21230202,المتطلبات الإضافية الأخرى لشراء السلع والخدمات,6,21230200,expense,لإستخدامات / المصروفات / راء السلع والخدمات / شراء السلع والخدمات والاحتياطيات العامة / المتطلبات الإضافية لشراء السلع والخدمات / المتطلبات الإضافية الأخرى لشراء السلع والخدمات
21240000,شراء السلع والخدمات المستبعدة,4,21200000,expense,لإستخدامات / المصروفات / راء السلع والخدمات / شراء السلع والخدمات المستبعدة
21240100,شراء السلع والخدمات مستبعدة بالتحصيل من شراء الأصول غير المالية,5,21240000,expense,لإستخدامات / المصروفات / راء السلع والخدمات / شراء السلع والخدمات المستبعدة / شراء السلع والخدمات مستبعدة بالتحصيل من شراء الأصول غير المالية
21240101,شراء السلع والخدمات مستبعدة من مصادر أخرى,6,21240100,expense,لإستخدامات / المصروفات / راء السلع والخدمات / شراء السلع والخدمات المستبعدة / شراء السلع والخدمات مستبعدة بالتحصيل من شراء الأصول غير المالية / شراء السلع والخدمات مستبعدة من مصادر أخرى
21300000,الفوائد,3,21000000,expense,لإستخدامات / المصروفات / الفوائد
21310000,فوائد خارجية,4,21300000,expense,لإستخدامات / المصروفات / الفوائد / فوائد خارجية
21310100,فوائد خارجية (لغير المقيمين),5,21310000,expense,لإستخدامات / المصروفات / الفوائد / فوائد خارجية / فوائد خارجية (لغير المقيمين)
21310101,فوائد الدين العام الخارجى,6,21310100,expense,لإستخدامات / المصروفات / الفوائد / فوائد خارجية / فوائد خارجية (لغير المقيمين) / فوائد الدين العام الخارجى
21310102,فوائد خارجية تسددها الجهات,6,21310100,expense,لإستخدامات / المصروفات / الفوائد / فوائد خارجية / فوائد خارجية (لغير المقيمين) / فوائد خارجية تسددها الجهات
21320000,فوائد محلية ( المقيمين ),4,21300000,expense,لإستخدامات / المصروفات / الفوائد / فوائد محلية ( المقيمين )
21320100,بخلاف وحدات الحكومة العامة,5,21320000,expense,لإستخدامات / المصروفات / الفوائد / فوائد محلية ( المقيمين ) / بخلاف وحدات الحكومة العامة
21320101,فوائد سندات البنك المركزى,6,21320100,expense,لإستخدامات / المصروفات / الفوائد / فوائد محلية ( المقيمين ) / بخلاف وحدات الحكومة العامة / فوائد سندات البنك المركزى
21320102,فوائد سندات السلع التموينية,6,21320100,expense,لإستخدامات / المصروفات / الفوائد / فوائد محلية ( المقيمين ) / بخلاف وحدات الحكومة العامة / فوائد سندات السلع التموينية
21320103,فوائد سندات الزيادة فى رؤوس أموال البنوك,6,21320100,expense,لإستخدامات / المصروفات / الفوائد / فوائد محلية ( المقيمين ) / بخلاف وحدات الحكومة العامة / فوائد سندات الزيادة فى رؤوس أموال البنوك
21320104,فوائد السندات الدولارية بالعجز فى مركز العملات الأجنبية,6,21320100,expense,لإستخدامات / المصروفات / الفوائد / فوائد محلية ( المقيمين ) / بخلاف وحدات الحكومة العامة / فوائد السندات الدولارية بالعجز فى مركز العملات الأجنبية
21320105,فوائد الأذون على الخزانة العامة,6,21320100,expense,لإستخدامات / المصروفات / الفوائد / فوائد محلية ( المقيمين ) / بخلاف وحدات الحكومة العامة / فوائد الأذون على الخزانة العامة
21320106,فوائد سندات الخزانة المصرية,6,21320100,expense,لإستخدامات / المصروفات / الفوائد / فوائد محلية ( المقيمين ) / بخلاف وحدات الحكومة العامة / فوائد سندات الخزانة المصرية
21320107,فوائد التغطية المؤقتة للرصيد المدين,6,21320100,expense,لإستخدامات / المصروفات / الفوائد / فوائد محلية ( المقيمين ) / بخلاف وحدات الحكومة العامة / فوائد التغطية المؤقتة للرصيد المدين
21320108,فوائد السندات المحلية,6,21320100,expense,لإستخدامات / المصروفات / الفوائد / فوائد محلية ( المقيمين ) / بخلاف وحدات الحكومة العامة / فوائد السندات المحلية
21320109,فوائد سندات العجز الاكتوارى لصندوقى التأمينات,6,21320100,expense,لإستخدامات / المصروفات / الفوائد / فوائد محلية ( المقيمين ) / بخلاف وحدات الحكومة العامة / فوائد سندات العجز الاكتوارى لصندوقى التأمينات
21320110,فوائد ال5% سندات حكومية,6,21320100,expense,لإستخدامات / المصروفات / الفوائد / فوائد محلية ( المقيمين ) / بخلاف وحدات الحكومة العامة / فوائد ال5% سندات حكومية
21320111,فوائد السندات المتوقع اصدارها لصالح صندوقى التأمين,6,21320100,expense,لإستخدامات / المصروفات / الفوائد / فوائد محلية ( المقيمين ) / بخلاف وحدات الحكومة العامة / فوائد السندات المتوقع اصدارها لصالح صندوقى التأمين
21320112,فوائد ارصدة الأموال المساندة,6,21320100,expense,لإستخدامات / المصروفات / الفوائد / فوائد محلية ( المقيمين ) / بخلاف وحدات الحكومة العامة / فوائد ارصدة الأموال المساندة
21320113,أخرى,6,21320100,expense,لإستخدامات / المصروفات / الفوائد / فوائد محلية ( المقيمين ) / بخلاف وحدات الحكومة العامة / أخرى
21320200,لوحدات الحكومة العامة,5,21320000,expense,لإستخدامات / المصروفات / الفوائد / فوائد محلية ( المقيمين ) / لوحدات الحكومة العامة
21320201,فوائد قروض تمويل الاستثمارات,6,21320200,expense,لإستخدامات / المصروفات / الفوائد / فوائد محلية ( المقيمين ) / لوحدات الحكومة العامة / فوائد قروض تمويل الاستثمارات
21320202,للخزانة العامة ( تشمل فوائد القروض الخارجية والمعاد اقراضها من الخزانة ),6,21320200,expense,لإستخدامات / المصروفات / الفوائد / فوائد محلية ( المقيمين ) / لوحدات الحكومة العامة / للخزانة العامة ( تشمل فوائد القروض الخارجية والمعاد اقراضها من الخزانة )
21320203,لجهات اخرى (شاملة المحليات),6,21320200,expense,لإستخدامات / المصروفات / الفوائد / فوائد محلية ( المقيمين ) / لوحدات الحكومة العامة / لجهات اخرى (شاملة المحليات)
21330000,الفوائد الإجمالية والاحتياطيات العامة,4,21300000,expense,لإستخدامات / المصروفات / الفوائد / الفوائد الإجمالية والاحتياطيات العامة
21330100,الفوائد الإجمالية,5,21330000,expense,لإستخدامات / المصروفات / الفوائد / الفوائد الإجمالية والاحتياطيات العامة / الفوائد الإجمالية
21330101,فوائد إجمالية مدرجة بموازنات الجهات,6,21330100,expense,لإستخدامات / المصروفات / الفوائد / الفوائد الإجمالية والاحتياطيات العامة / الفوائد الإجمالية / فوائد إجمالية مدرجة بموازنات الجهات
21330102,اعتمادات فوائد للحسابات والصناديق الخاصة,6,21330100,expense,لإستخدامات / المصروفات / الفوائد / الفوائد الإجمالية والاحتياطيات العامة / الفوائد الإجمالية / اعتمادات فوائد للحسابات والصناديق الخاصة
21330200,المتطلبات الإضافية للفوائد,5,21330000,expense,لإستخدامات / المصروفات / الفوائد / الفوائد الإجمالية والاحتياطيات العامة / المتطلبات الإضافية للفوائد
21330201,احتياطيات عامة للفوائد,6,21330200,expense,لإستخدامات / المصروفات / الفوائد / الفوائد الإجمالية والاحتياطيات العامة / المتطلبات الإضافية للفوائد / احتياطيات عامة للفوائد
21330202,المتطلبات الإضافية الأخرى للفوائد,6,21330200,expense,لإستخدامات / المصروفات / الفوائد / الفوائد الإجمالية والاحتياطيات العامة / المتطلبات الإضافية للفوائد / المتطلبات الإضافية الأخرى للفوائد
21340000,الفوائد المستبعدة,4,21300000,expense,لإستخدامات / المصروفات / الفوائد / الفوائد المستبعدة
21340100,فوائد مستبعدة بالتحصيل من شراء الأصول غير المالية,5,21340000,expense,لإستخدامات / المصروفات / الفوائد / الفوائد المستبعدة / فوائد مستبعدة بالتحصيل من شراء الأصول غير المالية
21340101,فوائد مستبعدة من مصادر أخرى,6,21340100,expense,لإستخدامات / المصروفات / الفوائد / الفوائد المستبعدة / فوائد مستبعدة بالتحصيل من شراء الأصول غير المالية / فوائد مستبعدة من مصادر أخرى
21400000,الدعم والمنح والمزايا الاجتماعية,3,21000000,expense,لإستخدامات / المصروفات / الدعم والمنح والمزايا الاجتماعية
21410000,الدعم,4,21400000,expense,لإستخدامات / المصروفات / الدعم والمنح والمزايا الاجتماعية / الدعم
21410100,لمؤسسات غير مالية,5,21410000,expense,لإستخدامات / المصروفات / الدعم والمنح والمزايا الاجتماعية / الدعم / لمؤسسات غير مالية
21410101,دعم السلع التموينية,6,21410100,expense,لإستخدامات / المصروفات / الدعم والمنح والمزايا الاجتماعية / الدعم / لمؤسسات غير مالية / دعم السلع التموينية
21410102,دعم المواد البترولية,6,21410100,expense,لإستخدامات / المصروفات / الدعم والمنح والمزايا الاجتماعية / الدعم / لمؤسسات غير مالية / دعم المواد البترولية
21410103,دعم تنشيط الصادرات,6,21410100,expense,لإستخدامات / المصروفات / الدعم والمنح والمزايا الاجتماعية / الدعم / لمؤسسات غير مالية / دعم تنشيط الصادرات
21410104,دعم المزارعين,6,21410100,expense,لإستخدامات / المصروفات / الدعم والمنح والمزايا الاجتماعية / الدعم / لمؤسسات غير مالية / دعم المزارعين
21410105,دعم الكهرباء,6,21410100,expense,لإستخدامات / المصروفات / الدعم والمنح والمزايا الاجتماعية / الدعم / لمؤسسات غير مالية / دعم الكهرباء
21410106,دعم نقل الركاب,6,21410100,expense,لإستخدامات / المصروفات / الدعم والمنح والمزايا الاجتماعية / الدعم / لمؤسسات غير مالية / دعم نقل الركاب
21410107,التأمين الصحى والأدوية,6,21410100,expense,لإستخدامات / المصروفات / الدعم والمنح والمزايا الاجتماعية / الدعم / لمؤسسات غير مالية / التأمين الصحى والأدوية
21410108,دعم الأنشطة الصناعية والزراعية,6,21410100,expense,لإستخدامات / المصروفات / الدعم والمنح والمزايا الاجتماعية / الدعم / لمؤسسات غير مالية / دعم الأنشطة الصناعية والزراعية
21410109,دعم تنمية الصعيد,6,21410100,expense,لإستخدامات / المصروفات / الدعم والمنح والمزايا الاجتماعية / الدعم / لمؤسسات غير مالية / دعم تنمية الصعيد
21410110,اخرى,6,21410100,expense,لإستخدامات / المصروفات / الدعم والمنح والمزايا الاجتماعية / الدعم / لمؤسسات غير مالية / اخرى
21410111,دعم الأراضى الصناعية,6,21410100,expense,لإستخدامات / المصروفات / الدعم والمنح والمزايا الاجتماعية / الدعم / لمؤسسات غير مالية / دعم الأراضى الصناعية
21410200,لمؤسسات مالية,5,21410000,expense,لإستخدامات / المصروفات / الدعم والمنح والمزايا الاجتماعية / الدعم / لمؤسسات مالية
21410201,دعم فائدة القروض الميسرة,6,21410200,expense,لإستخدامات / المصروفات / الدعم والمنح والمزايا الاجتماعية / الدعم / لمؤسسات مالية / دعم فائدة القروض الميسرة
21410202,دعم إسكان محدودى الدخل,6,21410200,expense,لإستخدامات / المصروفات / الدعم والمنح والمزايا الاجتماعية / الدعم / لمؤسسات مالية / دعم إسكان محدودى الدخل
21410203,أخــــــــرى,6,21410200,expense,لإستخدامات / المصروفات / الدعم والمنح والمزايا الاجتماعية / الدعم / لمؤسسات مالية / أخــــــــرى
21420000,المنح,4,21400000,expense,لإستخدامات / المصروفات / الدعم والمنح والمزايا الاجتماعية / المنح
21420100,المنح للحكومات الأجنبية,5,21420000,expense,لإستخدامات / المصروفات / الدعم والمنح والمزايا الاجتماعية / المنح / المنح للحكومات الأجنبية
21420101,جارى,6,21420100,expense,لإستخدامات / المصروفات / الدعم والمنح والمزايا الاجتماعية / المنح / المنح للحكومات الأجنبية / جارى
21420102,رأسمالى,6,21420100,expense,لإستخدامات / المصروفات / الدعم والمنح والمزايا الاجتماعية / المنح / المنح للحكومات الأجنبية / رأسمالى
21420200,منح للمنظمات الدولية,5,21420000,expense,لإستخدامات / المصروفات / الدعم والمنح والمزايا الاجتماعية / المنح / منح للمنظمات الدولية
21420201,جارى,6,21420200,expense,لإستخدامات / المصروفات / الدعم والمنح والمزايا الاجتماعية / المنح / منح للمنظمات الدولية / جارى
21420202,رأسمالى,6,21420200,expense,لإستخدامات / المصروفات / الدعم والمنح والمزايا الاجتماعية / المنح / منح للمنظمات الدولية / رأسمالى
21420300,منح لجهات الحكومة العامة,5,21420000,expense,لإستخدامات / المصروفات / الدعم والمنح والمزايا الاجتماعية / المنح / منح لجهات الحكومة العامة
21420301,جارى,6,21420300,expense,لإستخدامات / المصروفات / الدعم والمنح والمزايا الاجتماعية / المنح / منح لجهات الحكومة العامة / جارى
21420302,رأسمالى,6,21420300,expense,لإستخدامات / المصروفات / الدعم والمنح والمزايا الاجتماعية / المنح / منح لجهات الحكومة العامة / رأسمالى
21430000,مزايا اجتماعية,4,21400000,expense,لإستخدامات / المصروفات / الدعم والمنح والمزايا الاجتماعية / مزايا اجتماعية
21430100,مزايا للأمان الإجتماعى,5,21430000,expense,لإستخدامات / المصروفات / الدعم والمنح والمزايا الاجتماعية / مزايا اجتماعية / مزايا للأمان الإجتماعى
21430101,معاش الضمان الاجتماعى,6,21430100,expense,لإستخدامات / المصروفات / الدعم والمنح والمزايا الاجتماعية / مزايا اجتماعية / مزايا للأمان الإجتماعى / معاش الضمان الاجتماعى
21430102,معاش الطفل,6,21430100,expense,لإستخدامات / المصروفات / الدعم والمنح والمزايا الاجتماعية / مزايا اجتماعية / مزايا للأمان الإجتماعى / معاش الطفل
21430103,مزايا للأمان الاجتماعى عينية,6,21430100,expense,لإستخدامات / المصروفات / الدعم والمنح والمزايا الاجتماعية / مزايا اجتماعية / مزايا للأمان الإجتماعى / مزايا للأمان الاجتماعى عينية
21430104,أخرى,6,21430100,expense,لإستخدامات / المصروفات / الدعم والمنح والمزايا الاجتماعية / مزايا اجتماعية / مزايا للأمان الإجتماعى / أخرى
21430200,مساعدات إجتماعية,5,21430000,expense,لإستخدامات / المصروفات / الدعم والمنح والمزايا الاجتماعية / مزايا اجتماعية / مساعدات إجتماعية
21430201,مساهمات فى صناديق المعاشات,6,21430200,expense,لإستخدامات / المصروفات / الدعم والمنح والمزايا الاجتماعية / مزايا اجتماعية / مساعدات إجتماعية / مساهمات فى صناديق المعاشات
21430202,مساعدات اجتماعية عينية,6,21430200,expense,لإستخدامات / المصروفات / الدعم والمنح والمزايا الاجتماعية / مزايا اجتماعية / مساعدات إجتماعية / مساعدات اجتماعية عينية
21430203,مساعدات اجتماعية نقدية,6,21430200,expense,لإستخدامات / المصروفات / الدعم والمنح والمزايا الاجتماعية / مزايا اجتماعية / مساعدات إجتماعية / مساعدات اجتماعية نقدية
21430300,نفقات خدمية لغير العاملين,5,21430000,expense,لإستخدامات / المصروفات / الدعم والمنح والمزايا الاجتماعية / مزايا اجتماعية / نفقات خدمية لغير العاملين
21430301,نفقات علاج موطنى جمهورية مصر العربية,6,21430300,expense,لإستخدامات / المصروفات / الدعم والمنح والمزايا الاجتماعية / مزايا اجتماعية / نفقات خدمية لغير العاملين / نفقات علاج موطنى جمهورية مصر العربية
21430302,نفقات نشاط رياضى واجتماعى لغير العاملين,6,21430300,expense,لإستخدامات / المصروفات / الدعم والمنح والمزايا الاجتماعية / مزايا اجتماعية / نفقات خدمية لغير العاملين / نفقات نشاط رياضى واجتماعى لغير العاملين
21430303,نفقات خدمات صحية لغير العاملين,6,21430300,expense,لإستخدامات / المصروفات / الدعم والمنح والمزايا الاجتماعية / مزايا اجتماعية / نفقات خدمية لغير العاملين / نفقات خدمات صحية لغير العاملين
21430304,مكافآت لغير العاملين عن خدمات مؤداه,6,21430300,expense,لإستخدامات / المصروفات / الدعم والمنح والمزايا الاجتماعية / مزايا اجتماعية / نفقات خدمية لغير العاملين / مكافآت لغير العاملين عن خدمات مؤداه
21430305,جوائز وأوسمة,6,21430300,expense,لإستخدامات / المصروفات / الدعم والمنح والمزايا الاجتماعية / مزايا اجتماعية / نفقات خدمية لغير العاملين / جوائز وأوسمة
21430400,مزايا إجتماعية للعاملين,5,21430000,expense,لإستخدامات / المصروفات / الدعم والمنح والمزايا الاجتماعية / مزايا اجتماعية / مزايا إجتماعية للعاملين
21430401,نفقات دفن,6,21430400,expense,لإستخدامات / المصروفات / الدعم والمنح والمزايا الاجتماعية / مزايا اجتماعية / مزايا إجتماعية للعاملين / نفقات دفن
21430402,نفقات محو الأمية,6,21430400,expense,لإستخدامات / المصروفات / الدعم والمنح والمزايا الاجتماعية / مزايا اجتماعية / مزايا إجتماعية للعاملين / نفقات محو الأمية
21430403,مزايا اجتماعية للعاملين عينية,6,21430400,expense,لإستخدامات / المصروفات / الدعم والمنح والمزايا الاجتماعية / مزايا اجتماعية / مزايا إجتماعية للعاملين / مزايا اجتماعية للعاملين عينية
21430404,أخرى,6,21430400,expense,لإستخدامات / المصروفات / الدعم والمنح والمزايا الاجتماعية / مزايا اجتماعية / مزايا إجتماعية للعاملين / أخرى
21440000,الدعم والمنح الإجمالية والاحتياطيات العامة,4,21400000,expense,لإستخدامات / المصروفات / الدعم والمنح والمزايا الاجتماعية / الدعم والمنح الإجمالية والاحتياطيات العامة
21440100,الدعم والمنح الإجمالية,5,21440000,expense,لإستخدامات / المصروفات / الدعم والمنح والمزايا الاجتماعية / الدعم والمنح الإجمالية والاحتياطيات العامة / الدعم والمنح الإجمالية
21440101,دعم ومنح إجمالية مدرجة بموازنات الجهات,6,21440100,expense,لإستخدامات / المصروفات / الدعم والمنح والمزايا الاجتماعية / الدعم والمنح الإجمالية والاحتياطيات العامة / الدعم والمنح الإجمالية / دعم ومنح إجمالية مدرجة بموازنات الجهات
21440102,اعتمادات دعم ومنح للحسابات والصناديق الخاصة,6,21440100,expense,لإستخدامات / المصروفات / الدعم والمنح والمزايا الاجتماعية / الدعم والمنح الإجمالية والاحتياطيات العامة / الدعم والمنح الإجمالية / اعتمادات دعم ومنح للحسابات والصناديق الخاصة
21440200,المتطلبات الإضافية للدعم والمنح,5,21440000,expense,لإستخدامات / المصروفات / الدعم والمنح والمزايا الاجتماعية / الدعم والمنح الإجمالية والاحتياطيات العامة / المتطلبات الإضافية للدعم والمنح
21440201,احتياطيات عامة للدعم والمنح,6,21440200,expense,لإستخدامات / المصروفات / الدعم والمنح والمزايا الاجتماعية / الدعم والمنح الإجمالية والاحتياطيات العامة / المتطلبات الإضافية للدعم والمنح / احتياطيات عامة للدعم والمنح
21440202,المتطلبات الإضافية الأخرى للدعم والمنح,6,21440200,expense,لإستخدامات / المصروفات / الدعم والمنح والمزايا الاجتماعية / الدعم والمنح الإجمالية والاحتياطيات العامة / المتطلبات الإضافية للدعم والمنح / المتطلبات الإضافية الأخرى للدعم والمنح
21450000,الدعم والمنح والمزايا الاجتماعية المستبعدة,4,21400000,expense,لإستخدامات / المصروفات / الدعم والمنح والمزايا الاجتماعية / الدعم والمنح والمزايا الاجتماعية المستبعدة
21450100,الدعم والمنح مستبعدة بالتحصيل من شراء الأصول غير المالية,5,21450000,expense,لإستخدامات / المصروفات / الدعم والمنح والمزايا الاجتماعية / الدعم والمنح والمزايا الاجتماعية المستبعدة / الدعم والمنح مستبعدة بالتحصيل من شراء الأصول غير المالية
21450101,الدعم والمنح مستبعدة من مصادر أخرى,6,21450100,expense,لإستخدامات / المصروفات / الدعم والمنح والمزايا الاجتماعية / الدعم والمنح والمزايا الاجتماعية المستبعدة / الدعم والمنح مستبعدة بالتحصيل من شراء الأصول غير المالية / الدعم والمنح مستبعدة من مصادر أخرى
21500000,المصروفات الأخرى,3,21000000,expense,لإستخدامات / المصروفات / المصروفات الأخرى
21510000,جارية,4,21500000,expense,لإستخدامات / المصروفات / المصروفات الأخرى / جارية
21510100,ضرائب ورسوم,5,21510000,expense,لإستخدامات / المصروفات / المصروفات الأخرى / جارية / ضرائب ورسوم
21510101,الضرائب الجمركية,6,21510100,expense,لإستخدامات / المصروفات / المصروفات الأخرى / جارية / ضرائب ورسوم / الضرائب الجمركية
21510102,ضريبة المبيعات,6,21510100,expense,لإستخدامات / المصروفات / المصروفات الأخرى / جارية / ضرائب ورسوم / ضريبة المبيعات
21510103,رسوم تنمية الموارد,6,21510100,expense,لإستخدامات / المصروفات / المصروفات الأخرى / جارية / ضرائب ورسوم / رسوم تنمية الموارد
21510104,رسوم تراخيص السيارات,6,21510100,expense,لإستخدامات / المصروفات / المصروفات الأخرى / جارية / ضرائب ورسوم / رسوم تراخيص السيارات
21510105,رسوم فحص العينات,6,21510100,expense,لإستخدامات / المصروفات / المصروفات الأخرى / جارية / ضرائب ورسوم / رسوم فحص العينات
21510106,ضرائب عقارية,6,21510100,expense,لإستخدامات / المصروفات / المصروفات الأخرى / جارية / ضرائب ورسوم / ضرائب عقارية
21510107,رسوم تسجيل,6,21510100,expense,لإستخدامات / المصروفات / المصروفات الأخرى / جارية / ضرائب ورسوم / رسوم تسجيل
21510108,عمولات أو مصاريف نقل الملكية,6,21510100,expense,لإستخدامات / المصروفات / المصروفات الأخرى / جارية / ضرائب ورسوم / عمولات أو مصاريف نقل الملكية
21510109,أخرى,6,21510100,expense,لإستخدامات / المصروفات / المصروفات الأخرى / جارية / ضرائب ورسوم / أخرى
21510110,مقابل الاعفاءات الضريبية,6,21510100,expense,لإستخدامات / المصروفات / المصروفات الأخرى / جارية / ضرائب ورسوم / مقابل الاعفاءات الضريبية
21510200,اشتراكات,5,21510000,expense,لإستخدامات / المصروفات / المصروفات الأخرى / جارية / اشتراكات
21510201,فى هيئات محلية,6,21510200,expense,لإستخدامات / المصروفات / المصروفات الأخرى / جارية / اشتراكات / فى هيئات محلية
21510202,فى هيئات دولية,6,21510200,expense,لإستخدامات / المصروفات / المصروفات الأخرى / جارية / اشتراكات / فى هيئات دولية
21510300,متنوعة,5,21510000,expense,لإستخدامات / المصروفات / المصروفات الأخرى / جارية / متنوعة
21510301,تعويضات وغرامات,6,21510300,expense,لإستخدامات / المصروفات / المصروفات الأخرى / جارية / متنوعة / تعويضات وغرامات
21510302,نفقات رأسمالية متنوعة,6,21510300,expense,لإستخدامات / المصروفات / المصروفات الأخرى / جارية / متنوعة / نفقات رأسمالية متنوعة
21510303,فائض مرحل,6,21510300,expense,لإستخدامات / المصروفات / المصروفات الأخرى / جارية / متنوعة / فائض مرحل
21510304,تحويلات جارية وتخصيصية أخرى,6,21510300,expense,لإستخدامات / المصروفات / المصروفات الأخرى / جارية / متنوعة / تحويلات جارية وتخصيصية أخرى
21520000,المصروفات الأخرى الإجمالية والاحتياطيات العامة,4,21500000,expense,لإستخدامات / المصروفات / المصروفات الأخرى / المصروفات الأخرى الإجمالية والاحتياطيات العامة
21520100,المصروفات الأخرى الإجمالية,5,21520000,expense,لإستخدامات / المصروفات / المصروفات الأخرى / المصروفات الأخرى الإجمالية والاحتياطيات العامة / المصروفات الأخرى الإجمالية
21520101,ق.م,6,21520100,expense,لإستخدامات / المصروفات / المصروفات الأخرى / المصروفات الأخرى الإجمالية والاحتياطيات العامة / المصروفات الأخرى الإجمالية / ق.م
21520102,مصروفات أخرى إجمالية مدرجة بموازنات الجهات,6,21520100,expense,لإستخدامات / المصروفات / المصروفات الأخرى / المصروفات الأخرى الإجمالية والاحتياطيات العامة / المصروفات الأخرى الإجمالية / مصروفات أخرى إجمالية مدرجة بموازنات الجهات
21520103,اعتمادات مصروفات أخرى للحسابات والصناديق الخاصة,6,21520100,expense,لإستخدامات / المصروفات / المصروفات الأخرى / المصروفات الأخرى الإجمالية والاحتياطيات العامة / المصروفات الأخرى الإجمالية / اعتمادات مصروفات أخرى للحسابات والصناديق الخاصة
21520200,المتطلبات الإضافية للمصروفات الأخرى,5,21520000,expense,لإستخدامات / المصروفات / المصروفات الأخرى / المصروفات الأخرى الإجمالية والاحتياطيات العامة / المتطلبات الإضافية للمصروفات الأخرى
21520201,احتياطيات عامة للمصروفات الأخرى,6,21520200,expense,لإستخدامات / المصروفات / المصروفات الأخرى / المصروفات الأخرى الإجمالية والاحتياطيات العامة / المتطلبات الإضافية للمصروفات الأخرى / احتياطيات عامة للمصروفات الأخرى
21520202,المتطلبات الإضافية الأخرى للمصروفات الأخرى,6,21520200,expense,لإستخدامات / المصروفات / المصروفات الأخرى / المصروفات الأخرى الإجمالية والاحتياطيات العامة / المتطلبات الإضافية للمصروفات الأخرى / المتطلبات الإضافية الأخرى للمصروفات الأخرى
21530000,المصروفات الأخرى المستبعدة,4,21500000,expense,لإستخدامات / المصروفات / المصروفات الأخرى / المصروفات الأخرى المستبعدة
21530100,المصروفات الأخرى مستبعدة بالتحصيل من شراء الأصول غير المالية,5,21530000,expense,لإستخدامات / المصروفات / المصروفات الأخرى / المصروفات الأخرى المستبعدة / المصروفات الأخرى مستبعدة بالتحصيل من شراء الأصول غير المالية
21530101,المصروفات الأخرى مستبعدة من مصادر أخرى,6,21530100,expense,لإستخدامات / المصروفات / المصروفات الأخرى / المصروفات الأخرى المستبعدة / المصروفات الأخرى مستبعدة بالتحصيل من شراء الأصول غير المالية / المصروفات الأخرى مستبعدة من مصادر أخرى
21600000,راء الاصول غير المالية ( الأستثمارات),3,21000000,expense,لإستخدامات / المصروفات / راء الاصول غير المالية ( الأستثمارات)
21610000,الأصول الثابتة,4,21600000,expense,لإستخدامات / المصروفات / راء الاصول غير المالية ( الأستثمارات) / الأصول الثابتة
21610100,استثمار مباشر,5,21610000,expense,لإستخدامات / المصروفات / راء الاصول غير المالية ( الأستثمارات) / الأصول الثابتة / استثمار مباشر
21610101,مبانى سكنية,6,21610100,expense,لإستخدامات / المصروفات / راء الاصول غير المالية ( الأستثمارات) / الأصول الثابتة / استثمار مباشر / مبانى سكنية
21610102,مبانى غير سكنية,6,21610100,expense,لإستخدامات / المصروفات / راء الاصول غير المالية ( الأستثمارات) / الأصول الثابتة / استثمار مباشر / مبانى غير سكنية
21610103,تشييدات,6,21610100,expense,لإستخدامات / المصروفات / راء الاصول غير المالية ( الأستثمارات) / الأصول الثابتة / استثمار مباشر / تشييدات
21610104,وسائل نقل,6,21610100,expense,لإستخدامات / المصروفات / راء الاصول غير المالية ( الأستثمارات) / الأصول الثابتة / استثمار مباشر / وسائل نقل
21610105,وسائل انتقال,6,21610100,expense,لإستخدامات / المصروفات / راء الاصول غير المالية ( الأستثمارات) / الأصول الثابتة / استثمار مباشر / وسائل انتقال
21610106,آلات ومعدات,6,21610100,expense,لإستخدامات / المصروفات / راء الاصول غير المالية ( الأستثمارات) / الأصول الثابتة / استثمار مباشر / آلات ومعدات
21610107,عدد وأدوات,6,21610100,expense,لإستخدامات / المصروفات / راء الاصول غير المالية ( الأستثمارات) / الأصول الثابتة / استثمار مباشر / عدد وأدوات
21610108,تجهيزات,6,21610100,expense,لإستخدامات / المصروفات / راء الاصول غير المالية ( الأستثمارات) / الأصول الثابتة / استثمار مباشر / تجهيزات
21610109,ثروة حيوانية ومائية (أصول زراعية),6,21610100,expense,لإستخدامات / المصروفات / راء الاصول غير المالية ( الأستثمارات) / الأصول الثابتة / استثمار مباشر / ثروة حيوانية ومائية (أصول زراعية)
21610110,الات ومعدات طبية,6,21610100,expense,لإستخدامات / المصروفات / راء الاصول غير المالية ( الأستثمارات) / الأصول الثابتة / استثمار مباشر / الات ومعدات طبية
21610200,نفقات ايرادية مؤجلة (تشغيل),5,21610000,expense,لإستخدامات / المصروفات / راء الاصول غير المالية ( الأستثمارات) / الأصول الثابتة / نفقات ايرادية مؤجلة (تشغيل)
21610201,مبانى سكنية,6,21610200,expense,لإستخدامات / المصروفات / راء الاصول غير المالية ( الأستثمارات) / الأصول الثابتة / نفقات ايرادية مؤجلة (تشغيل) / مبانى سكنية
21610202,مبانى غير سكنية,6,21610200,expense,لإستخدامات / المصروفات / راء الاصول غير المالية ( الأستثمارات) / الأصول الثابتة / نفقات ايرادية مؤجلة (تشغيل) / مبانى غير سكنية
21610203,تشييدات,6,21610200,expense,لإستخدامات / المصروفات / راء الاصول غير المالية ( الأستثمارات) / الأصول الثابتة / نفقات ايرادية مؤجلة (تشغيل) / تشييدات
21610204,وسائل نقل,6,21610200,expense,لإستخدامات / المصروفات / راء الاصول غير المالية ( الأستثمارات) / الأصول الثابتة / نفقات ايرادية مؤجلة (تشغيل) / وسائل نقل
21610205,وسائل انتقال,6,21610200,expense,لإستخدامات / المصروفات / راء الاصول غير المالية ( الأستثمارات) / الأصول الثابتة / نفقات ايرادية مؤجلة (تشغيل) / وسائل انتقال
21610206,آلات ومعدات,6,21610200,expense,لإستخدامات / المصروفات / راء الاصول غير المالية ( الأستثمارات) / الأصول الثابتة / نفقات ايرادية مؤجلة (تشغيل) / آلات ومعدات
21610207,عدد وأدوات,6,21610200,expense,لإستخدامات / المصروفات / راء الاصول غير المالية ( الأستثمارات) / الأصول الثابتة / نفقات ايرادية مؤجلة (تشغيل) / عدد وأدوات
21610208,تجهيزات,6,21610200,expense,لإستخدامات / المصروفات / راء الاصول غير المالية ( الأستثمارات) / الأصول الثابتة / نفقات ايرادية مؤجلة (تشغيل) / تجهيزات
21610209,ثروة حيوانية ومائية (أصول زراعية),6,21610200,expense,لإستخدامات / المصروفات / راء الاصول غير المالية ( الأستثمارات) / الأصول الثابتة / نفقات ايرادية مؤجلة (تشغيل) / ثروة حيوانية ومائية (أصول زراعية)
21610210,الات ومعدات طبية,6,21610200,expense,لإستخدامات / المصروفات / راء الاصول غير المالية ( الأستثمارات) / الأصول الثابتة / نفقات ايرادية مؤجلة (تشغيل) / الات ومعدات طبية
21620000,الأصول غير المنتجة,4,21600000,expense,لإستخدامات / المصروفات / راء الاصول غير المالية ( الأستثمارات) / الأصول غير المنتجة
21620100,أصول طبيعية,5,21620000,expense,لإستخدامات / المصروفات / راء الاصول غير المالية ( الأستثمارات) / الأصول غير المنتجة / أصول طبيعية
21620101,شراء أراضى,6,21620100,expense,لإستخدامات / المصروفات / راء الاصول غير المالية ( الأستثمارات) / الأصول غير المنتجة / أصول طبيعية / شراء أراضى
21620102,تمهيد وأستصلاح أراضى,6,21620100,expense,لإستخدامات / المصروفات / راء الاصول غير المالية ( الأستثمارات) / الأصول غير المنتجة / أصول طبيعية / تمهيد وأستصلاح أراضى
21620103,أصول طبيعية أخرى,6,21620100,expense,لإستخدامات / المصروفات / راء الاصول غير المالية ( الأستثمارات) / الأصول غير المنتجة / أصول طبيعية / أصول طبيعية أخرى
21630000,أصول غير مالية أخرى,4,21600000,expense,لإستخدامات / المصروفات / راء الاصول غير المالية ( الأستثمارات) / أصول غير مالية أخرى
21630100,متنوعة,5,21630000,expense,لإستخدامات / المصروفات / راء الاصول غير المالية ( الأستثمارات) / أصول غير مالية أخرى / متنوعة
21630101,فوائد سابقة على بدء التشغيل,6,21630100,expense,لإستخدامات / المصروفات / راء الاصول غير المالية ( الأستثمارات) / أصول غير مالية أخرى / متنوعة / فوائد سابقة على بدء التشغيل
21630102,البعثات,6,21630100,expense,لإستخدامات / المصروفات / راء الاصول غير المالية ( الأستثمارات) / أصول غير مالية أخرى / متنوعة / البعثات
21630103,ابحاث ودراسات للمشروعات الأستثمارية,6,21630100,expense,لإستخدامات / المصروفات / راء الاصول غير المالية ( الأستثمارات) / أصول غير مالية أخرى / متنوعة / ابحاث ودراسات للمشروعات الأستثمارية
21630104,دفعات مقدمة,6,21630100,expense,لإستخدامات / المصروفات / راء الاصول غير المالية ( الأستثمارات) / أصول غير مالية أخرى / متنوعة / دفعات مقدمة
21630105,تعويضات فروق الأسعار للمقاولين,6,21630100,expense,لإستخدامات / المصروفات / راء الاصول غير المالية ( الأستثمارات) / أصول غير مالية أخرى / متنوعة / تعويضات فروق الأسعار للمقاولين
21630106,الأجور للمشروعات الأستثمارية,6,21630100,expense,لإستخدامات / المصروفات / راء الاصول غير المالية ( الأستثمارات) / أصول غير مالية أخرى / متنوعة / الأجور للمشروعات الأستثمارية
21630107,التعويضات,6,21630100,expense,لإستخدامات / المصروفات / راء الاصول غير المالية ( الأستثمارات) / أصول غير مالية أخرى / متنوعة / التعويضات
21640000,شراء الأصول غير المالية الإجمالية والاحتياطيات العامة,4,21600000,expense,لإستخدامات / المصروفات / راء الاصول غير المالية ( الأستثمارات) / شراء الأصول غير المالية الإجمالية والاحتياطيات العامة
21640100,شراء الأصول غير المالية الإجمالية,5,21640000,expense,لإستخدامات / المصروفات / راء الاصول غير المالية ( الأستثمارات) / شراء الأصول غير المالية الإجمالية والاحتياطيات العامة / شراء الأصول غير المالية الإجمالية
21640101,شراء أصول غير مالية إجمالية مدرجة بموازنات الجهات,6,21640100,expense,لإستخدامات / المصروفات / راء الاصول غير المالية ( الأستثمارات) / شراء الأصول غير المالية الإجمالية والاحتياطيات العامة / شراء الأصول غير المالية الإجمالية / شراء أصول غير مالية إجمالية مدرجة بموازنات الجهات
21640200,المتطلبات الإضافية لشراء الأصول غير المالية,5,21640000,expense,لإستخدامات / المصروفات / راء الاصول غير المالية ( الأستثمارات) / شراء الأصول غير المالية الإجمالية والاحتياطيات العامة / المتطلبات الإضافية لشراء الأصول غير المالية
21640201,احتياطيات عامة لشراء الأصول غير المالية,6,21640200,expense,لإستخدامات / المصروفات / راء الاصول غير المالية ( الأستثمارات) / شراء الأصول غير المالية الإجمالية والاحتياطيات العامة / المتطلبات الإضافية لشراء الأصول غير المالية / احتياطيات عامة لشراء الأصول غير المالية
21640202,متطلبات إضافية أخرى لشراء الاصول غير المالية,6,21640200,expense,لإستخدامات / المصروفات / راء الاصول غير المالية ( الأستثمارات) / شراء الأصول غير المالية الإجمالية والاحتياطيات العامة / المتطلبات الإضافية لشراء الأصول غير المالية / متطلبات إضافية أخرى لشراء الاصول غير المالية
22000000,الحيازة من الاصول المالية,2,20000000,expense_direct_cost,لإستخدامات / الحيازة من الاصول المالية
22700000,حيازة الاصول المالية المحلية والاجنبية,3,22000000,expense_direct_cost,لإستخدامات / الحيازة من الاصول المالية / حيازة الاصول المالية المحلية والاجنبية
22710000,حيازة الاصول المالية المحلية,4,22700000,expense_direct_cost,لإستخدامات / الحيازة من الاصول المالية / حيازة الاصول المالية المحلية والاجنبية / حيازة الاصول المالية المحلية
22710100,أوراق مالية بخلاف الأسهم,5,22710000,expense_direct_cost,لإستخدامات / الحيازة من الاصول المالية / حيازة الاصول المالية المحلية والاجنبية / حيازة الاصول المالية المحلية / أوراق مالية بخلاف الأسهم
22710101,سندات,6,22710100,expense_direct_cost,لإستخدامات / الحيازة من الاصول المالية / حيازة الاصول المالية المحلية والاجنبية / حيازة الاصول المالية المحلية / أوراق مالية بخلاف الأسهم / سندات
22710102,أذون,6,22710100,expense_direct_cost,لإستخدامات / الحيازة من الاصول المالية / حيازة الاصول المالية المحلية والاجنبية / حيازة الاصول المالية المحلية / أوراق مالية بخلاف الأسهم / أذون
22710103,أخرى,6,22710100,expense_direct_cost,لإستخدامات / الحيازة من الاصول المالية / حيازة الاصول المالية المحلية والاجنبية / حيازة الاصول المالية المحلية / أوراق مالية بخلاف الأسهم / أخرى
22710200,الاقراض,5,22710000,expense_direct_cost,لإستخدامات / الحيازة من الاصول المالية / حيازة الاصول المالية المحلية والاجنبية / حيازة الاصول المالية المحلية / الاقراض
22710201,لبنك الاستثمار,6,22710200,expense_direct_cost,لإستخدامات / الحيازة من الاصول المالية / حيازة الاصول المالية المحلية والاجنبية / حيازة الاصول المالية المحلية / الاقراض / لبنك الاستثمار
22710202,للهيئات الاقتصادية,6,22710200,expense_direct_cost,لإستخدامات / الحيازة من الاصول المالية / حيازة الاصول المالية المحلية والاجنبية / حيازة الاصول المالية المحلية / الاقراض / للهيئات الاقتصادية
22710203,للشركات القابضة,6,22710200,expense_direct_cost,لإستخدامات / الحيازة من الاصول المالية / حيازة الاصول المالية المحلية والاجنبية / حيازة الاصول المالية المحلية / الاقراض / للشركات القابضة
22710204,لشركات قطاع الاعمال العام,6,22710200,expense_direct_cost,لإستخدامات / الحيازة من الاصول المالية / حيازة الاصول المالية المحلية والاجنبية / حيازة الاصول المالية المحلية / الاقراض / لشركات قطاع الاعمال العام
22710205,لشركات القطاع العام,6,22710200,expense_direct_cost,لإستخدامات / الحيازة من الاصول المالية / حيازة الاصول المالية المحلية والاجنبية / حيازة الاصول المالية المحلية / الاقراض / لشركات القطاع العام
22710206,لأجهزة الموازنة العامة (القروض الخارجية المعاد أقراضها من الخزانة العامة),6,22710200,expense_direct_cost,لإستخدامات / الحيازة من الاصول المالية / حيازة الاصول المالية المحلية والاجنبية / حيازة الاصول المالية المحلية / الاقراض / لأجهزة الموازنة العامة (القروض الخارجية المعاد أقراضها من الخزانة العامة)
22710207,لجهات أخرى,6,22710200,expense_direct_cost,لإستخدامات / الحيازة من الاصول المالية / حيازة الاصول المالية المحلية والاجنبية / حيازة الاصول المالية المحلية / الاقراض / لجهات أخرى
22710300,مساهمات وحقوق ملكية,5,22710000,expense_direct_cost,لإستخدامات / الحيازة من الاصول المالية / حيازة الاصول المالية المحلية والاجنبية / حيازة الاصول المالية المحلية / مساهمات وحقوق ملكية
22710301,فى بنك الاستثمار,6,22710300,expense_direct_cost,لإستخدامات / الحيازة من الاصول المالية / حيازة الاصول المالية المحلية والاجنبية / حيازة الاصول المالية المحلية / مساهمات وحقوق ملكية / فى بنك الاستثمار
22710302,فى هيئات اقتصادية,6,22710300,expense_direct_cost,لإستخدامات / الحيازة من الاصول المالية / حيازة الاصول المالية المحلية والاجنبية / حيازة الاصول المالية المحلية / مساهمات وحقوق ملكية / فى هيئات اقتصادية
22710303,فى شركات قابضة,6,22710300,expense_direct_cost,لإستخدامات / الحيازة من الاصول المالية / حيازة الاصول المالية المحلية والاجنبية / حيازة الاصول المالية المحلية / مساهمات وحقوق ملكية / فى شركات قابضة
22710304,فى شركات قطاع أعمال عام,6,22710300,expense_direct_cost,لإستخدامات / الحيازة من الاصول المالية / حيازة الاصول المالية المحلية والاجنبية / حيازة الاصول المالية المحلية / مساهمات وحقوق ملكية / فى شركات قطاع أعمال عام
22710305,فى شركات قطاع عام,6,22710300,expense_direct_cost,لإستخدامات / الحيازة من الاصول المالية / حيازة الاصول المالية المحلية والاجنبية / حيازة الاصول المالية المحلية / مساهمات وحقوق ملكية / فى شركات قطاع عام
22710306,فى جهات أخرى,6,22710300,expense_direct_cost,لإستخدامات / الحيازة من الاصول المالية / حيازة الاصول المالية المحلية والاجنبية / حيازة الاصول المالية المحلية / مساهمات وحقوق ملكية / فى جهات أخرى
22710400,مساهمة الخزانة فى صندوق تمويل الهيكلة,5,22710000,expense_direct_cost,لإستخدامات / الحيازة من الاصول المالية / حيازة الاصول المالية المحلية والاجنبية / حيازة الاصول المالية المحلية / مساهمة الخزانة فى صندوق تمويل الهيكلة
22710401,مساهمة الخزانة فى صندوق تمويل الهيكلة,6,22710400,expense_direct_cost,لإستخدامات / الحيازة من الاصول المالية / حيازة الاصول المالية المحلية والاجنبية / حيازة الاصول المالية المحلية / مساهمة الخزانة فى صندوق تمويل الهيكلة / مساهمة الخزانة فى صندوق تمويل الهيكلة
22720000,حيازة الاصول المالية الاجنبية,4,22700000,expense_direct_cost,لإستخدامات / الحيازة من الاصول المالية / حيازة الاصول المالية المحلية والاجنبية / حيازة الاصول المالية الاجنبية
22720100,أوراق مالية بخلاف الأسهم,5,22720000,expense_direct_cost,لإستخدامات / الحيازة من الاصول المالية / حيازة الاصول المالية المحلية والاجنبية / حيازة الاصول المالية الاجنبية / أوراق مالية بخلاف الأسهم
22720101,سندات,6,22720100,expense_direct_cost,لإستخدامات / الحيازة من الاصول المالية / حيازة الاصول المالية المحلية والاجنبية / حيازة الاصول المالية الاجنبية / أوراق مالية بخلاف الأسهم / سندات
22720102,أذون,6,22720100,expense_direct_cost,لإستخدامات / الحيازة من الاصول المالية / حيازة الاصول المالية المحلية والاجنبية / حيازة الاصول المالية الاجنبية / أوراق مالية بخلاف الأسهم / أذون
22720103,أخرى,6,22720100,expense_direct_cost,لإستخدامات / الحيازة من الاصول المالية / حيازة الاصول المالية المحلية والاجنبية / حيازة الاصول المالية الاجنبية / أوراق مالية بخلاف الأسهم / أخرى
22720200,الاقراض,5,22720000,expense_direct_cost,لإستخدامات / الحيازة من الاصول المالية / حيازة الاصول المالية المحلية والاجنبية / حيازة الاصول المالية الاجنبية / الاقراض
22720201,لجهات أخرى,6,22720200,expense_direct_cost,لإستخدامات / الحيازة من الاصول المالية / حيازة الاصول المالية المحلية والاجنبية / حيازة الاصول المالية الاجنبية / الاقراض / لجهات أخرى
22720300,مساهمات وحقوق ملكية,5,22720000,expense_direct_cost,لإستخدامات / الحيازة من الاصول المالية / حيازة الاصول المالية المحلية والاجنبية / حيازة الاصول المالية الاجنبية / مساهمات وحقوق ملكية
22720301,فى جهات أخرى,6,22720300,expense_direct_cost,لإستخدامات / الحيازة من الاصول المالية / حيازة الاصول المالية المحلية والاجنبية / حيازة الاصول المالية الاجنبية / مساهمات وحقوق ملكية / فى جهات أخرى
22730000,حيازة الأصول المالية الإجمالية والاحتياطيات العامة,4,22700000,expense_direct_cost,لإستخدامات / الحيازة من الاصول المالية / حيازة الاصول المالية المحلية والاجنبية / حيازة الأصول المالية الإجمالية والاحتياطيات العامة
22730100,حيازة الأصول المالية الإجمالية,5,22730000,expense_direct_cost,لإستخدامات / الحيازة من الاصول المالية / حيازة الاصول المالية المحلية والاجنبية / حيازة الأصول المالية الإجمالية والاحتياطيات العامة / حيازة الأصول المالية الإجمالية
22730101,حيازة الأصول المالية إجمالية مدرجة بموازنات الجهات,6,22730100,expense_direct_cost,لإستخدامات / الحيازة من الاصول المالية / حيازة الاصول المالية المحلية والاجنبية / حيازة الأصول المالية الإجمالية والاحتياطيات العامة / حيازة الأصول المالية الإجمالية / حيازة الأصول المالية إجمالية مدرجة بموازنات الجهات
22730200,المتطلبات الإضافية لحيازة الأصول المالية,5,22730000,expense_direct_cost,لإستخدامات / الحيازة من الاصول المالية / حيازة الاصول المالية المحلية والاجنبية / حيازة الأصول المالية الإجمالية والاحتياطيات العامة / المتطلبات الإضافية لحيازة الأصول المالية
22730201,احتياطيات عامة لحيازة الأصول المالية,6,22730200,expense_direct_cost,لإستخدامات / الحيازة من الاصول المالية / حيازة الاصول المالية المحلية والاجنبية / حيازة الأصول المالية الإجمالية والاحتياطيات العامة / المتطلبات الإضافية لحيازة الأصول المالية / احتياطيات عامة لحيازة الأصول المالية
22730202,المتطلبات الإضافية الأخرى لحيازة الأصول المالية,6,22730200,expense_direct_cost,لإستخدامات / الحيازة من الاصول المالية / حيازة الاصول المالية المحلية والاجنبية / حيازة الأصول المالية الإجمالية والاحتياطيات العامة / المتطلبات الإضافية لحيازة الأصول المالية / المتطلبات الإضافية الأخرى لحيازة الأصول المالية
23000000,سداد القروض,2,20000000,expense,لإستخدامات / سداد القروض
23800000,داد القروض المحلية والاجنبية,3,23000000,expense,لإستخدامات / سداد القروض / داد القروض المحلية والاجنبية
23810000,سداد القروض واستهلاك الاوراق المالية المحلية,4,23800000,expense,لإستخدامات / سداد القروض / داد القروض المحلية والاجنبية / سداد القروض واستهلاك الاوراق المالية المحلية
23810100,أستهلاك أوراق مالية بخلاف الأسهم,5,23810000,expense,لإستخدامات / سداد القروض / داد القروض المحلية والاجنبية / سداد القروض واستهلاك الاوراق المالية المحلية / أستهلاك أوراق مالية بخلاف الأسهم
23810101,سندات على الخزانة العامة,6,23810100,expense,لإستخدامات / سداد القروض / داد القروض المحلية والاجنبية / سداد القروض واستهلاك الاوراق المالية المحلية / أستهلاك أوراق مالية بخلاف الأسهم / سندات على الخزانة العامة
23810102,اذون على الخزانة العامة,6,23810100,expense,لإستخدامات / سداد القروض / داد القروض المحلية والاجنبية / سداد القروض واستهلاك الاوراق المالية المحلية / أستهلاك أوراق مالية بخلاف الأسهم / اذون على الخزانة العامة
23810103,اخرى,6,23810100,expense,لإستخدامات / سداد القروض / داد القروض المحلية والاجنبية / سداد القروض واستهلاك الاوراق المالية المحلية / أستهلاك أوراق مالية بخلاف الأسهم / اخرى
23810200,سداد القروض المحلية,5,23810000,expense,لإستخدامات / سداد القروض / داد القروض المحلية والاجنبية / سداد القروض واستهلاك الاوراق المالية المحلية / سداد القروض المحلية
23810201,لبنك الاستثمار القومى,6,23810200,expense,لإستخدامات / سداد القروض / داد القروض المحلية والاجنبية / سداد القروض واستهلاك الاوراق المالية المحلية / سداد القروض المحلية / لبنك الاستثمار القومى
23810202,قروض خارجية معاد اقراضها عن طريق الخزانة,6,23810200,expense,لإستخدامات / سداد القروض / داد القروض المحلية والاجنبية / سداد القروض واستهلاك الاوراق المالية المحلية / سداد القروض المحلية / قروض خارجية معاد اقراضها عن طريق الخزانة
23810203,لمصادر أخرى,6,23810200,expense,لإستخدامات / سداد القروض / داد القروض المحلية والاجنبية / سداد القروض واستهلاك الاوراق المالية المحلية / سداد القروض المحلية / لمصادر أخرى
23810300,حسابات أخرى مستحقة الدفع,5,23810000,expense,لإستخدامات / سداد القروض / داد القروض المحلية والاجنبية / سداد القروض واستهلاك الاوراق المالية المحلية / حسابات أخرى مستحقة الدفع
23810301,مستحقات استثمارية,6,23810300,expense,لإستخدامات / سداد القروض / داد القروض المحلية والاجنبية / سداد القروض واستهلاك الاوراق المالية المحلية / حسابات أخرى مستحقة الدفع / مستحقات استثمارية
23810302,أخرى,6,23810300,expense,لإستخدامات / سداد القروض / داد القروض المحلية والاجنبية / سداد القروض واستهلاك الاوراق المالية المحلية / حسابات أخرى مستحقة الدفع / أخرى
23820000,سداد القروض واستهلاك الاوراق المالية الاجنبية,4,23800000,expense,لإستخدامات / سداد القروض / داد القروض المحلية والاجنبية / سداد القروض واستهلاك الاوراق المالية الاجنبية
23820100,أستهلاك أوراق مالية بخلاف الأسهم,5,23820000,expense,لإستخدامات / سداد القروض / داد القروض المحلية والاجنبية / سداد القروض واستهلاك الاوراق المالية الاجنبية / أستهلاك أوراق مالية بخلاف الأسهم
23820101,سندات على الخزانة العامة,6,23820100,expense,لإستخدامات / سداد القروض / داد القروض المحلية والاجنبية / سداد القروض واستهلاك الاوراق المالية الاجنبية / أستهلاك أوراق مالية بخلاف الأسهم / سندات على الخزانة العامة
23820102,اذون على الخزانة العامة,6,23820100,expense,لإستخدامات / سداد القروض / داد القروض المحلية والاجنبية / سداد القروض واستهلاك الاوراق المالية الاجنبية / أستهلاك أوراق مالية بخلاف الأسهم / اذون على الخزانة العامة
23820103,اخرى,6,23820100,expense,لإستخدامات / سداد القروض / داد القروض المحلية والاجنبية / سداد القروض واستهلاك الاوراق المالية الاجنبية / أستهلاك أوراق مالية بخلاف الأسهم / اخرى
23820200,سداد القروض الاجنبية,5,23820000,expense,لإستخدامات / سداد القروض / داد القروض المحلية والاجنبية / سداد القروض واستهلاك الاوراق المالية الاجنبية / سداد القروض الاجنبية
23820201,أقساط الدين العام الخارجى,6,23820200,expense,لإستخدامات / سداد القروض / داد القروض المحلية والاجنبية / سداد القروض واستهلاك الاوراق المالية الاجنبية / سداد القروض الاجنبية / أقساط الدين العام الخارجى
23820202,أقساط خارجية تسددها الجهات,6,23820200,expense,لإستخدامات / سداد القروض / داد القروض المحلية والاجنبية / سداد القروض واستهلاك الاوراق المالية الاجنبية / سداد القروض الاجنبية / أقساط خارجية تسددها الجهات
23830000,سداد القروض الإجمالية والاحتياطيات العامة,4,23800000,expense,لإستخدامات / سداد القروض / داد القروض المحلية والاجنبية / سداد القروض الإجمالية والاحتياطيات العامة
23830100,سداد القروض الإجمالية,5,23830000,expense,لإستخدامات / سداد القروض / داد القروض المحلية والاجنبية / سداد القروض الإجمالية والاحتياطيات العامة / سداد القروض الإجمالية
23830101,سداد القروض إجمالية مدرجة بموازنات الجهات,6,23830100,expense,لإستخدامات / سداد القروض / داد القروض المحلية والاجنبية / سداد القروض الإجمالية والاحتياطيات العامة / سداد القروض الإجمالية / سداد القروض إجمالية مدرجة بموازنات الجهات
23830102,سداد القروض للحسابات والصناديق الخاصة,6,23830100,expense,لإستخدامات / سداد القروض / داد القروض المحلية والاجنبية / سداد القروض الإجمالية والاحتياطيات العامة / سداد القروض الإجمالية / سداد القروض للحسابات والصناديق الخاصة
23830200,المتطلبات الإضافية لسداد القروض,5,23830000,expense,لإستخدامات / سداد القروض / داد القروض المحلية والاجنبية / سداد القروض الإجمالية والاحتياطيات العامة / المتطلبات الإضافية لسداد القروض
23830201,المتطلبات الإضافية الأخرى لسداد القروض,6,23830200,expense,لإستخدامات / سداد القروض / داد القروض المحلية والاجنبية / سداد القروض الإجمالية والاحتياطيات العامة / المتطلبات الإضافية لسداد القروض / المتطلبات الإضافية الأخرى لسداد القروض
24000000,الاستخدامات الداخلية,2,20000000,expense,لإستخدامات / الاستخدامات الداخلية
24900000,دفوعات الخزانة العامة,3,24000000,expense,لإستخدامات / الاستخدامات الداخلية / دفوعات الخزانة العامة
24910000,تحويلات الى الخزانة العامة,4,24900000,expense,لإستخدامات / الاستخدامات الداخلية / دفوعات الخزانة العامة / تحويلات الى الخزانة العامة
24910100,سداد الموارد,5,24910000,expense,لإستخدامات / الاستخدامات الداخلية / دفوعات الخزانة العامة / تحويلات الى الخزانة العامة / سداد الموارد
24910101,المحصل بمعرفة وحدة الخزانة العامة,6,24910100,expense,لإستخدامات / الاستخدامات الداخلية / دفوعات الخزانة العامة / تحويلات الى الخزانة العامة / سداد الموارد / المحصل بمعرفة وحدة الخزانة العامة
30000000,الأصول,1,,asset_non_current,الأصول
31000000,الاصول المالية,2,30000000,asset_non_current,الأصول / الاصول المالية
31100000,لاصول النقدية,3,31000000,asset_non_current,الأصول / الاصول المالية / لاصول النقدية
31110000,النقدية بالبنوك و الخزينة و البريد و الوحدةالحسابية,4,31100000,asset_non_current,الأصول / الاصول المالية / لاصول النقدية / النقدية بالبنوك و الخزينة و البريد و الوحدةالحسابية
31110100,البنك المركزى,5,31110000,asset_non_current,الأصول / الاصول المالية / لاصول النقدية / النقدية بالبنوك و الخزينة و البريد و الوحدةالحسابية / البنك المركزى
31110101,البنك المركزى - الاجور وتعويضات العاملين,6,31110100,asset_non_current,الأصول / الاصول المالية / لاصول النقدية / النقدية بالبنوك و الخزينة و البريد و الوحدةالحسابية / البنك المركزى / البنك المركزى - الاجور وتعويضات العاملين
31110102,البنك المركزى - شراء السلع والخدمات,6,31110100,asset_non_current,الأصول / الاصول المالية / لاصول النقدية / النقدية بالبنوك و الخزينة و البريد و الوحدةالحسابية / البنك المركزى / البنك المركزى - شراء السلع والخدمات
31110103,البنك المركزى - الفوائد,6,31110100,asset_non_current,الأصول / الاصول المالية / لاصول النقدية / النقدية بالبنوك و الخزينة و البريد و الوحدةالحسابية / البنك المركزى / البنك المركزى - الفوائد
31110104,البنك المركزى - الدعم والمنح والمزايا الاجتماعية,6,31110100,asset_non_current,الأصول / الاصول المالية / لاصول النقدية / النقدية بالبنوك و الخزينة و البريد و الوحدةالحسابية / البنك المركزى / البنك المركزى - الدعم والمنح والمزايا الاجتماعية
31110105,البنك المركزى - المصروفات الاخرى,6,31110100,asset_non_current,الأصول / الاصول المالية / لاصول النقدية / النقدية بالبنوك و الخزينة و البريد و الوحدةالحسابية / البنك المركزى / البنك المركزى - المصروفات الاخرى
31110106,البنك المركزى - شراء الاصول غير المالية (الاستثمارات),6,31110100,asset_non_current,الأصول / الاصول المالية / لاصول النقدية / النقدية بالبنوك و الخزينة و البريد و الوحدةالحسابية / البنك المركزى / البنك المركزى - شراء الاصول غير المالية (الاستثمارات)
31110107,البنك المركزى - حيازة الاصول المالية المحلية والاجنبية,6,31110100,asset_non_current,الأصول / الاصول المالية / لاصول النقدية / النقدية بالبنوك و الخزينة و البريد و الوحدةالحسابية / البنك المركزى / البنك المركزى - حيازة الاصول المالية المحلية والاجنبية
31110108,البنك المركزى - سداد القروض المحلية والاجنبية,6,31110100,asset_non_current,الأصول / الاصول المالية / لاصول النقدية / النقدية بالبنوك و الخزينة و البريد و الوحدةالحسابية / البنك المركزى / البنك المركزى - سداد القروض المحلية والاجنبية
31110109,ح/ جارى  البنك المركزى,6,31110100,asset_non_current,الأصول / الاصول المالية / لاصول النقدية / النقدية بالبنوك و الخزينة و البريد و الوحدةالحسابية / البنك المركزى / ح/ جارى  البنك المركزى
31110110,البنك المركزى - الضرائب,6,31110100,asset_non_current,الأصول / الاصول المالية / لاصول النقدية / النقدية بالبنوك و الخزينة و البريد و الوحدةالحسابية / البنك المركزى / البنك المركزى - الضرائب
31110111,البنك المركزى - المنح,6,31110100,asset_non_current,الأصول / الاصول المالية / لاصول النقدية / النقدية بالبنوك و الخزينة و البريد و الوحدةالحسابية / البنك المركزى / البنك المركزى - المنح
31110112,البنك المركزى - الايرادات الاخرى,6,31110100,asset_non_current,الأصول / الاصول المالية / لاصول النقدية / النقدية بالبنوك و الخزينة و البريد و الوحدةالحسابية / البنك المركزى / البنك المركزى - الايرادات الاخرى
31110113,البنك المركزى - متحصلات الاقراض ومبيعات الاصول المالية,6,31110100,asset_non_current,الأصول / الاصول المالية / لاصول النقدية / النقدية بالبنوك و الخزينة و البريد و الوحدةالحسابية / البنك المركزى / البنك المركزى - متحصلات الاقراض ومبيعات الاصول المالية
31110114,البنك المركزى - الاقتراض وإصدار الاوراق المالية بخلاف الاسهم,6,31110100,asset_non_current,الأصول / الاصول المالية / لاصول النقدية / النقدية بالبنوك و الخزينة و البريد و الوحدةالحسابية / البنك المركزى / البنك المركزى - الاقتراض وإصدار الاوراق المالية بخلاف الاسهم
31110115,ح/ بنك مركزى - حصيلة بيع مشروعات,6,31110100,asset_non_current,الأصول / الاصول المالية / لاصول النقدية / النقدية بالبنوك و الخزينة و البريد و الوحدةالحسابية / البنك المركزى / ح/ بنك مركزى - حصيلة بيع مشروعات
31110116,ح/ بنك مركزى - حسابات وصناديق خاصة,6,31110100,asset_non_current,الأصول / الاصول المالية / لاصول النقدية / النقدية بالبنوك و الخزينة و البريد و الوحدةالحسابية / البنك المركزى / ح/ بنك مركزى - حسابات وصناديق خاصة
31110117,ح/ بنك مركزى - تصفية مصروفات,6,31110100,asset_non_current,الأصول / الاصول المالية / لاصول النقدية / النقدية بالبنوك و الخزينة و البريد و الوحدةالحسابية / البنك المركزى / ح/ بنك مركزى - تصفية مصروفات
31110118,ح/ بنك مركزى - تصفية ايرادات,6,31110100,asset_non_current,الأصول / الاصول المالية / لاصول النقدية / النقدية بالبنوك و الخزينة و البريد و الوحدةالحسابية / البنك المركزى / ح/ بنك مركزى - تصفية ايرادات
31110119,البنك المركزي-قروض,6,31110100,asset_non_current,الأصول / الاصول المالية / لاصول النقدية / النقدية بالبنوك و الخزينة و البريد و الوحدةالحسابية / البنك المركزى / البنك المركزي-قروض
31110120,البنك المركزي-منح,6,31110100,asset_non_current,الأصول / الاصول المالية / لاصول النقدية / النقدية بالبنوك و الخزينة و البريد و الوحدةالحسابية / البنك المركزى / البنك المركزي-منح
31110121,البنك المركزي-موارد ذاتية,6,31110100,asset_non_current,الأصول / الاصول المالية / لاصول النقدية / النقدية بالبنوك و الخزينة و البريد و الوحدةالحسابية / البنك المركزى / البنك المركزي-موارد ذاتية
31110200,بنك الاسثمار القومى,5,31110000,asset_non_current,الأصول / الاصول المالية / لاصول النقدية / النقدية بالبنوك و الخزينة و البريد و الوحدةالحسابية / بنك الاسثمار القومى
31110201,ح / جارى بنك الاستثمار القومى,6,31110200,asset_non_current,الأصول / الاصول المالية / لاصول النقدية / النقدية بالبنوك و الخزينة و البريد و الوحدةالحسابية / بنك الاسثمار القومى / ح / جارى بنك الاستثمار القومى
31110202,ح / جارى بنك الاستثمار- دائنون,6,31110200,asset_non_current,الأصول / الاصول المالية / لاصول النقدية / النقدية بالبنوك و الخزينة و البريد و الوحدةالحسابية / بنك الاسثمار القومى / ح / جارى بنك الاستثمار- دائنون
31110300,النقدية,5,31110000,asset_non_current,الأصول / الاصول المالية / لاصول النقدية / النقدية بالبنوك و الخزينة و البريد و الوحدةالحسابية / النقدية
31110301,ح / نقدية بالخزينة,6,31110300,asset_non_current,الأصول / الاصول المالية / لاصول النقدية / النقدية بالبنوك و الخزينة و البريد و الوحدةالحسابية / النقدية / ح / نقدية بالخزينة
31110302,ح /  النقدية تحت التسوية,6,31110300,asset_non_current,الأصول / الاصول المالية / لاصول النقدية / النقدية بالبنوك و الخزينة و البريد و الوحدةالحسابية / النقدية / ح /  النقدية تحت التسوية
31110399,ح /  النقدية تحت التسوية اخرى,6,31110300,asset_non_current,الأصول / الاصول المالية / لاصول النقدية / النقدية بالبنوك و الخزينة و البريد و الوحدةالحسابية / النقدية / ح /  النقدية تحت التسوية اخرى
31110400,نقدية بالبريد,5,31110000,asset_non_current,الأصول / الاصول المالية / لاصول النقدية / النقدية بالبنوك و الخزينة و البريد و الوحدةالحسابية / نقدية بالبريد
31110401,ح / نقدية امانة بالبريد,6,31110400,asset_non_current,الأصول / الاصول المالية / لاصول النقدية / النقدية بالبنوك و الخزينة و البريد و الوحدةالحسابية / نقدية بالبريد / ح / نقدية امانة بالبريد
31110499,ح / نقدية بالبريد - اخرى,6,31110400,asset_non_current,الأصول / الاصول المالية / لاصول النقدية / النقدية بالبنوك و الخزينة و البريد و الوحدةالحسابية / نقدية بالبريد / ح / نقدية بالبريد - اخرى
31110500,الوحدة الحسابية المركزية لوزارة المالية,5,31110000,asset_non_current,الأصول / الاصول المالية / لاصول النقدية / النقدية بالبنوك و الخزينة و البريد و الوحدةالحسابية / الوحدة الحسابية المركزية لوزارة المالية
31110501,ح / الوحدة الحسابية المركزية,6,31110500,asset_non_current,الأصول / الاصول المالية / لاصول النقدية / النقدية بالبنوك و الخزينة و البريد و الوحدةالحسابية / الوحدة الحسابية المركزية لوزارة المالية / ح / الوحدة الحسابية المركزية
31110502,ح / الوحدة الحسابية المركزية -الاجور و تعويضات العاملين,6,31110500,asset_non_current,الأصول / الاصول المالية / لاصول النقدية / النقدية بالبنوك و الخزينة و البريد و الوحدةالحسابية / الوحدة الحسابية المركزية لوزارة المالية / ح / الوحدة الحسابية المركزية -الاجور و تعويضات العاملين
31110503,ح / الوحدة الحسابية المركزية - شراء السلع و الخدمات,6,31110500,asset_non_current,الأصول / الاصول المالية / لاصول النقدية / النقدية بالبنوك و الخزينة و البريد و الوحدةالحسابية / الوحدة الحسابية المركزية لوزارة المالية / ح / الوحدة الحسابية المركزية - شراء السلع و الخدمات
31110504,ح / الوحدة الحسابية المركزية - الفوائد,6,31110500,asset_non_current,الأصول / الاصول المالية / لاصول النقدية / النقدية بالبنوك و الخزينة و البريد و الوحدةالحسابية / الوحدة الحسابية المركزية لوزارة المالية / ح / الوحدة الحسابية المركزية - الفوائد
31110505,ح / الوحدة الحسابية المركزية - الدعم و المنح و المزايا الأجتماعية,6,31110500,asset_non_current,الأصول / الاصول المالية / لاصول النقدية / النقدية بالبنوك و الخزينة و البريد و الوحدةالحسابية / الوحدة الحسابية المركزية لوزارة المالية / ح / الوحدة الحسابية المركزية - الدعم و المنح و المزايا الأجتماعية
31110506,ح / الوحدة الحسابية المركزية - المصروفات الأخرى,6,31110500,asset_non_current,الأصول / الاصول المالية / لاصول النقدية / النقدية بالبنوك و الخزينة و البريد و الوحدةالحسابية / الوحدة الحسابية المركزية لوزارة المالية / ح / الوحدة الحسابية المركزية - المصروفات الأخرى
31110507,"ح / الوحدة الحسابية المركزية - شراء الأصول غير المالية "" الا ستثمارات """,6,31110500,asset_non_current,"الأصول / الاصول المالية / لاصول النقدية / النقدية بالبنوك و الخزينة و البريد و الوحدةالحسابية / الوحدة الحسابية المركزية لوزارة المالية / ح / الوحدة الحسابية المركزية - شراء الأصول غير المالية "" الا ستثمارات """
31110508,ح / الوحدة الحسابية المركزية - حيازة الأصول المالية المحلية و الأجنبية,6,31110500,asset_non_current,الأصول / الاصول المالية / لاصول النقدية / النقدية بالبنوك و الخزينة و البريد و الوحدةالحسابية / الوحدة الحسابية المركزية لوزارة المالية / ح / الوحدة الحسابية المركزية - حيازة الأصول المالية المحلية و الأجنبية
31110509,ح / الوحدة الحسابية المركزية - سداد القروض المحلية و الأجنبية,6,31110500,asset_non_current,الأصول / الاصول المالية / لاصول النقدية / النقدية بالبنوك و الخزينة و البريد و الوحدةالحسابية / الوحدة الحسابية المركزية لوزارة المالية / ح / الوحدة الحسابية المركزية - سداد القروض المحلية و الأجنبية
31110510,ح / الوحدة الحسابية المركزية - الضرائب,6,31110500,asset_non_current,الأصول / الاصول المالية / لاصول النقدية / النقدية بالبنوك و الخزينة و البريد و الوحدةالحسابية / الوحدة الحسابية المركزية لوزارة المالية / ح / الوحدة الحسابية المركزية - الضرائب
31110511,ح / الوحدة الحسابية المركزية - المنح,6,31110500,asset_non_current,الأصول / الاصول المالية / لاصول النقدية / النقدية بالبنوك و الخزينة و البريد و الوحدةالحسابية / الوحدة الحسابية المركزية لوزارة المالية / ح / الوحدة الحسابية المركزية - المنح
31110512,ح / الوحدة الحسابية المركزية - الايرادات الأخرى,6,31110500,asset_non_current,الأصول / الاصول المالية / لاصول النقدية / النقدية بالبنوك و الخزينة و البريد و الوحدةالحسابية / الوحدة الحسابية المركزية لوزارة المالية / ح / الوحدة الحسابية المركزية - الايرادات الأخرى
31110513,ح / الوحدة الحسابية المركزية - المتحصلات من الأقراض و مبيعات الأصول المالية,6,31110500,asset_non_current,الأصول / الاصول المالية / لاصول النقدية / النقدية بالبنوك و الخزينة و البريد و الوحدةالحسابية / الوحدة الحسابية المركزية لوزارة المالية / ح / الوحدة الحسابية المركزية - المتحصلات من الأقراض و مبيعات الأصول المالية
31110514,ح / الوحدة الحسابية المركزية - الاقتراض و اصدار الاوراق المالية,6,31110500,asset_non_current,الأصول / الاصول المالية / لاصول النقدية / النقدية بالبنوك و الخزينة و البريد و الوحدةالحسابية / الوحدة الحسابية المركزية لوزارة المالية / ح / الوحدة الحسابية المركزية - الاقتراض و اصدار الاوراق المالية
31110515,ح / الوحدة الحسابية المركزية - المدينون,6,31110500,asset_non_current,الأصول / الاصول المالية / لاصول النقدية / النقدية بالبنوك و الخزينة و البريد و الوحدةالحسابية / الوحدة الحسابية المركزية لوزارة المالية / ح / الوحدة الحسابية المركزية - المدينون
31110516,ح / الوحدة الحسابية المركزية - الدائنون,6,31110500,asset_non_current,الأصول / الاصول المالية / لاصول النقدية / النقدية بالبنوك و الخزينة و البريد و الوحدةالحسابية / الوحدة الحسابية المركزية لوزارة المالية / ح / الوحدة الحسابية المركزية - الدائنون
31110517,ح/ الوحدة الحسابية المركزية -حسابات وصناديق خاصة,6,31110500,asset_non_current,الأصول / الاصول المالية / لاصول النقدية / النقدية بالبنوك و الخزينة و البريد و الوحدةالحسابية / الوحدة الحسابية المركزية لوزارة المالية / ح/ الوحدة الحسابية المركزية -حسابات وصناديق خاصة
31110600,بنوك اخرى,5,31110000,asset_non_current,الأصول / الاصول المالية / لاصول النقدية / النقدية بالبنوك و الخزينة و البريد و الوحدةالحسابية / بنوك اخرى
31110601,ح/ بنوك اخرى,6,31110600,asset_non_current,الأصول / الاصول المالية / لاصول النقدية / النقدية بالبنوك و الخزينة و البريد و الوحدةالحسابية / بنوك اخرى / ح/ بنوك اخرى
31110700,الوحدة الحسابية المركزية,5,31110000,asset_non_current,الأصول / الاصول المالية / لاصول النقدية / النقدية بالبنوك و الخزينة و البريد و الوحدةالحسابية / الوحدة الحسابية المركزية
31110701,ح / الوحدة الحسابية المركزية,6,31110700,asset_non_current,الأصول / الاصول المالية / لاصول النقدية / النقدية بالبنوك و الخزينة و البريد و الوحدةالحسابية / الوحدة الحسابية المركزية / ح / الوحدة الحسابية المركزية
31120000,شيكات وحوالات تحت التحصيل,4,31100000,asset_non_current,الأصول / الاصول المالية / لاصول النقدية / شيكات وحوالات تحت التحصيل
31120100,شيكات تحت التحصيل - البنك المركزى,5,31120000,asset_non_current,الأصول / الاصول المالية / لاصول النقدية / شيكات وحوالات تحت التحصيل / شيكات تحت التحصيل - البنك المركزى
31120101,شيكات تحت التحصيل- الاجور وتعويضات العاملين,6,31120100,asset_non_current,الأصول / الاصول المالية / لاصول النقدية / شيكات وحوالات تحت التحصيل / شيكات تحت التحصيل - البنك المركزى / شيكات تحت التحصيل- الاجور وتعويضات العاملين
31120102,يكات تحت التحصيل - شراء السلع والخدمات,6,31120100,asset_non_current,الأصول / الاصول المالية / لاصول النقدية / شيكات وحوالات تحت التحصيل / شيكات تحت التحصيل - البنك المركزى / يكات تحت التحصيل - شراء السلع والخدمات
31120103,شيكات تحت التحصيل - الفوائد,6,31120100,asset_non_current,الأصول / الاصول المالية / لاصول النقدية / شيكات وحوالات تحت التحصيل / شيكات تحت التحصيل - البنك المركزى / شيكات تحت التحصيل - الفوائد
31120104,شيكات تحت التحصيل - الدعم والمنح والمزايا الاجتماعية,6,31120100,asset_non_current,الأصول / الاصول المالية / لاصول النقدية / شيكات وحوالات تحت التحصيل / شيكات تحت التحصيل - البنك المركزى / شيكات تحت التحصيل - الدعم والمنح والمزايا الاجتماعية
31120105,شيكات تحت التحصيل - المصروفات الاخرى,6,31120100,asset_non_current,الأصول / الاصول المالية / لاصول النقدية / شيكات وحوالات تحت التحصيل / شيكات تحت التحصيل - البنك المركزى / شيكات تحت التحصيل - المصروفات الاخرى
31120106,شيكات تحت التحصيل - شراء الاصول غير المالية (الاستثمارات),6,31120100,asset_non_current,الأصول / الاصول المالية / لاصول النقدية / شيكات وحوالات تحت التحصيل / شيكات تحت التحصيل - البنك المركزى / شيكات تحت التحصيل - شراء الاصول غير المالية (الاستثمارات)
31120107,شيكات تحت التحصيل - حيازة الاصول المالية المحلية والاجنبية,6,31120100,asset_non_current,الأصول / الاصول المالية / لاصول النقدية / شيكات وحوالات تحت التحصيل / شيكات تحت التحصيل - البنك المركزى / شيكات تحت التحصيل - حيازة الاصول المالية المحلية والاجنبية
31120108,شيكات تحت التحصيل - سداد القروض المحلية والاجنبية,6,31120100,asset_non_current,الأصول / الاصول المالية / لاصول النقدية / شيكات وحوالات تحت التحصيل / شيكات تحت التحصيل - البنك المركزى / شيكات تحت التحصيل - سداد القروض المحلية والاجنبية
31120109,شيكات تحت التحصيل - جارى,6,31120100,asset_non_current,الأصول / الاصول المالية / لاصول النقدية / شيكات وحوالات تحت التحصيل / شيكات تحت التحصيل - البنك المركزى / شيكات تحت التحصيل - جارى
31120110,لشيكات تحت التحصيل - الضرائب,6,31120100,asset_non_current,الأصول / الاصول المالية / لاصول النقدية / شيكات وحوالات تحت التحصيل / شيكات تحت التحصيل - البنك المركزى / لشيكات تحت التحصيل - الضرائب
31120111,شيكات تحت التحصيل- المنح,6,31120100,asset_non_current,الأصول / الاصول المالية / لاصول النقدية / شيكات وحوالات تحت التحصيل / شيكات تحت التحصيل - البنك المركزى / شيكات تحت التحصيل- المنح
31120112,شيكات تحت التحصيل- الايرادات الاخرى,6,31120100,asset_non_current,الأصول / الاصول المالية / لاصول النقدية / شيكات وحوالات تحت التحصيل / شيكات تحت التحصيل - البنك المركزى / شيكات تحت التحصيل- الايرادات الاخرى
31120113,شيكات تحت التحصيل- متحصلات الاقراض ومبيعات الاصول المالية,6,31120100,asset_non_current,الأصول / الاصول المالية / لاصول النقدية / شيكات وحوالات تحت التحصيل / شيكات تحت التحصيل - البنك المركزى / شيكات تحت التحصيل- متحصلات الاقراض ومبيعات الاصول المالية
31120114,شيكات تحت التحصيل - الاقتراض وإصدار الاوراق المالية بخلاف الاسهم,6,31120100,asset_non_current,الأصول / الاصول المالية / لاصول النقدية / شيكات وحوالات تحت التحصيل / شيكات تحت التحصيل - البنك المركزى / شيكات تحت التحصيل - الاقتراض وإصدار الاوراق المالية بخلاف الاسهم
31120200,شيكات تحت التحصيل - بنك الاستثمار القومى,5,31120000,asset_non_current,الأصول / الاصول المالية / لاصول النقدية / شيكات وحوالات تحت التحصيل / شيكات تحت التحصيل - بنك الاستثمار القومى
31120201,شيكات تحت التحصيل- استثمارى,6,31120200,asset_non_current,الأصول / الاصول المالية / لاصول النقدية / شيكات وحوالات تحت التحصيل / شيكات تحت التحصيل - بنك الاستثمار القومى / شيكات تحت التحصيل- استثمارى
31120300,حوالات بريدية تحت التحصيل,5,31120000,asset_non_current,الأصول / الاصول المالية / لاصول النقدية / شيكات وحوالات تحت التحصيل / حوالات بريدية تحت التحصيل
31120301,حوالات بريدية تحت التحصيل وارد,6,31120300,asset_non_current,الأصول / الاصول المالية / لاصول النقدية / شيكات وحوالات تحت التحصيل / حوالات بريدية تحت التحصيل / حوالات بريدية تحت التحصيل وارد
31120400,شيكات تحت التحصيل - الوحدة الحساب المركزية لوزارة المالية,5,31120000,asset_non_current,الأصول / الاصول المالية / لاصول النقدية / شيكات وحوالات تحت التحصيل / شيكات تحت التحصيل - الوحدة الحساب المركزية لوزارة المالية
31120401,شيكات تحت التحصيل - الاجور و تعويضات العاملين,6,31120400,asset_non_current,الأصول / الاصول المالية / لاصول النقدية / شيكات وحوالات تحت التحصيل / شيكات تحت التحصيل - الوحدة الحساب المركزية لوزارة المالية / شيكات تحت التحصيل - الاجور و تعويضات العاملين
31120402,شيكات تحت التحصيل - شراء السلع والخدمات,6,31120400,asset_non_current,الأصول / الاصول المالية / لاصول النقدية / شيكات وحوالات تحت التحصيل / شيكات تحت التحصيل - الوحدة الحساب المركزية لوزارة المالية / شيكات تحت التحصيل - شراء السلع والخدمات
31120403,شيكات تحت التحصيل - الفوائد,6,31120400,asset_non_current,الأصول / الاصول المالية / لاصول النقدية / شيكات وحوالات تحت التحصيل / شيكات تحت التحصيل - الوحدة الحساب المركزية لوزارة المالية / شيكات تحت التحصيل - الفوائد
31120404,شيكات تحت التحصيل - الدعم والمنح والمزايا الاجتماعية,6,31120400,asset_non_current,الأصول / الاصول المالية / لاصول النقدية / شيكات وحوالات تحت التحصيل / شيكات تحت التحصيل - الوحدة الحساب المركزية لوزارة المالية / شيكات تحت التحصيل - الدعم والمنح والمزايا الاجتماعية
31120405,شيكات تحت التحصيل - المصروفات الاخرى,6,31120400,asset_non_current,الأصول / الاصول المالية / لاصول النقدية / شيكات وحوالات تحت التحصيل / شيكات تحت التحصيل - الوحدة الحساب المركزية لوزارة المالية / شيكات تحت التحصيل - المصروفات الاخرى
31120406,"شيكات تحت التحصيل - شراء الاصول غير المالية ""الاستثمارات",6,31120400,asset_non_current,"الأصول / الاصول المالية / لاصول النقدية / شيكات وحوالات تحت التحصيل / شيكات تحت التحصيل - الوحدة الحساب المركزية لوزارة المالية / شيكات تحت التحصيل - شراء الاصول غير المالية ""الاستثمارات"
31120407,شيكات تحت التحصيل - حيازة الاصول المالية المحلية والاجنبية,6,31120400,asset_non_current,الأصول / الاصول المالية / لاصول النقدية / شيكات وحوالات تحت التحصيل / شيكات تحت التحصيل - الوحدة الحساب المركزية لوزارة المالية / شيكات تحت التحصيل - حيازة الاصول المالية المحلية والاجنبية
31120408,شيكات تحت التحصيل - سداد القروض المحلية والاجنبية,6,31120400,asset_non_current,الأصول / الاصول المالية / لاصول النقدية / شيكات وحوالات تحت التحصيل / شيكات تحت التحصيل - الوحدة الحساب المركزية لوزارة المالية / شيكات تحت التحصيل - سداد القروض المحلية والاجنبية
31120409,شيكات تحت التحصيل - الضرائب,6,31120400,asset_non_current,الأصول / الاصول المالية / لاصول النقدية / شيكات وحوالات تحت التحصيل / شيكات تحت التحصيل - الوحدة الحساب المركزية لوزارة المالية / شيكات تحت التحصيل - الضرائب
31120410,شيكات تحت التحصيل - المنح,6,31120400,asset_non_current,الأصول / الاصول المالية / لاصول النقدية / شيكات وحوالات تحت التحصيل / شيكات تحت التحصيل - الوحدة الحساب المركزية لوزارة المالية / شيكات تحت التحصيل - المنح
31120411,شيكات تحت التحصيل - الايرادات الاخرى,6,31120400,asset_non_current,الأصول / الاصول المالية / لاصول النقدية / شيكات وحوالات تحت التحصيل / شيكات تحت التحصيل - الوحدة الحساب المركزية لوزارة المالية / شيكات تحت التحصيل - الايرادات الاخرى
31120412,شيكات تحت التحصيل - المتحصلات من الاقراض ومبيعات الاصول المالية,6,31120400,asset_non_current,الأصول / الاصول المالية / لاصول النقدية / شيكات وحوالات تحت التحصيل / شيكات تحت التحصيل - الوحدة الحساب المركزية لوزارة المالية / شيكات تحت التحصيل - المتحصلات من الاقراض ومبيعات الاصول المالية
31120413,شيكات تحت التحصيل - الاقتراض واصدار الاوراق المالية,6,31120400,asset_non_current,الأصول / الاصول المالية / لاصول النقدية / شيكات وحوالات تحت التحصيل / شيكات تحت التحصيل - الوحدة الحساب المركزية لوزارة المالية / شيكات تحت التحصيل - الاقتراض واصدار الاوراق المالية
31120414,شيكات تحت التحصيل - المدينون,6,31120400,asset_non_current,الأصول / الاصول المالية / لاصول النقدية / شيكات وحوالات تحت التحصيل / شيكات تحت التحصيل - الوحدة الحساب المركزية لوزارة المالية / شيكات تحت التحصيل - المدينون
31120415,شيكات تحت التحصيل - الدائنون,6,31120400,asset_non_current,الأصول / الاصول المالية / لاصول النقدية / شيكات وحوالات تحت التحصيل / شيكات تحت التحصيل - الوحدة الحساب المركزية لوزارة المالية / شيكات تحت التحصيل - الدائنون
31120500,اوامر الدفع الواردة -  الوحدة الحسابية المركزية لوزارة المالية,5,31120000,asset_non_current,الأصول / الاصول المالية / لاصول النقدية / شيكات وحوالات تحت التحصيل / اوامر الدفع الواردة -  الوحدة الحسابية المركزية لوزارة المالية
31120501,اوامر الدفع الواردة - الاجور وتعويضات العاملين,6,31120500,asset_non_current,الأصول / الاصول المالية / لاصول النقدية / شيكات وحوالات تحت التحصيل / اوامر الدفع الواردة -  الوحدة الحسابية المركزية لوزارة المالية / اوامر الدفع الواردة - الاجور وتعويضات العاملين
31120502,اوامر الدفع الواردة - شراء السلع و الخدمات,6,31120500,asset_non_current,الأصول / الاصول المالية / لاصول النقدية / شيكات وحوالات تحت التحصيل / اوامر الدفع الواردة -  الوحدة الحسابية المركزية لوزارة المالية / اوامر الدفع الواردة - شراء السلع و الخدمات
31120503,اوامر الدفع الواردة - الفوائد,6,31120500,asset_non_current,الأصول / الاصول المالية / لاصول النقدية / شيكات وحوالات تحت التحصيل / اوامر الدفع الواردة -  الوحدة الحسابية المركزية لوزارة المالية / اوامر الدفع الواردة - الفوائد
31120504,اوامر الدفع الواردة - الدعم والمنح والمزايا الاجتماعية,6,31120500,asset_non_current,الأصول / الاصول المالية / لاصول النقدية / شيكات وحوالات تحت التحصيل / اوامر الدفع الواردة -  الوحدة الحسابية المركزية لوزارة المالية / اوامر الدفع الواردة - الدعم والمنح والمزايا الاجتماعية
31120505,اوامر الدفع الواردة - المصروفات الاخرى,6,31120500,asset_non_current,الأصول / الاصول المالية / لاصول النقدية / شيكات وحوالات تحت التحصيل / اوامر الدفع الواردة -  الوحدة الحسابية المركزية لوزارة المالية / اوامر الدفع الواردة - المصروفات الاخرى
31120506,"اومر الدفع الواردة - شراء الاصول غير المالية ""الاستثمارات",6,31120500,asset_non_current,"الأصول / الاصول المالية / لاصول النقدية / شيكات وحوالات تحت التحصيل / اوامر الدفع الواردة -  الوحدة الحسابية المركزية لوزارة المالية / اومر الدفع الواردة - شراء الاصول غير المالية ""الاستثمارات"
31120507,اوامر الدفع الواردة - حيازة الاصول المالية المحلية و الاجنبية,6,31120500,asset_non_current,الأصول / الاصول المالية / لاصول النقدية / شيكات وحوالات تحت التحصيل / اوامر الدفع الواردة -  الوحدة الحسابية المركزية لوزارة المالية / اوامر الدفع الواردة - حيازة الاصول المالية المحلية و الاجنبية
31120508,اوامر الدفع الواردة - سداد القروض المحلية والاجنبية,6,31120500,asset_non_current,الأصول / الاصول المالية / لاصول النقدية / شيكات وحوالات تحت التحصيل / اوامر الدفع الواردة -  الوحدة الحسابية المركزية لوزارة المالية / اوامر الدفع الواردة - سداد القروض المحلية والاجنبية
31120509,اوامر الدفع الواردة - الضرائب,6,31120500,asset_non_current,الأصول / الاصول المالية / لاصول النقدية / شيكات وحوالات تحت التحصيل / اوامر الدفع الواردة -  الوحدة الحسابية المركزية لوزارة المالية / اوامر الدفع الواردة - الضرائب
31120510,اوامر الدفع الواردة - المنح,6,31120500,asset_non_current,الأصول / الاصول المالية / لاصول النقدية / شيكات وحوالات تحت التحصيل / اوامر الدفع الواردة -  الوحدة الحسابية المركزية لوزارة المالية / اوامر الدفع الواردة - المنح
31120511,اوامر الدفع الواردة - الايرادات الاخرى,6,31120500,asset_non_current,الأصول / الاصول المالية / لاصول النقدية / شيكات وحوالات تحت التحصيل / اوامر الدفع الواردة -  الوحدة الحسابية المركزية لوزارة المالية / اوامر الدفع الواردة - الايرادات الاخرى
31120512,اوامر الدفع الواردة - المتحصلات من اقراض ومبيعات الاصول المالية,6,31120500,asset_non_current,الأصول / الاصول المالية / لاصول النقدية / شيكات وحوالات تحت التحصيل / اوامر الدفع الواردة -  الوحدة الحسابية المركزية لوزارة المالية / اوامر الدفع الواردة - المتحصلات من اقراض ومبيعات الاصول المالية
31120513,اوامر الدفع الواردة - الاقتراض و اصدار الاوراق المالية,6,31120500,asset_non_current,الأصول / الاصول المالية / لاصول النقدية / شيكات وحوالات تحت التحصيل / اوامر الدفع الواردة -  الوحدة الحسابية المركزية لوزارة المالية / اوامر الدفع الواردة - الاقتراض و اصدار الاوراق المالية
31120514,اوامر الدفع الواردة - المدينون,6,31120500,asset_non_current,الأصول / الاصول المالية / لاصول النقدية / شيكات وحوالات تحت التحصيل / اوامر الدفع الواردة -  الوحدة الحسابية المركزية لوزارة المالية / اوامر الدفع الواردة - المدينون
31120515,اوامر الدفع الواردة - الدائنون,6,31120500,asset_non_current,الأصول / الاصول المالية / لاصول النقدية / شيكات وحوالات تحت التحصيل / اوامر الدفع الواردة -  الوحدة الحسابية المركزية لوزارة المالية / اوامر الدفع الواردة - الدائنون
31120516,اوامر الدفع الواردة - حسابات وصناديق خاصة,6,31120500,asset_non_current,الأصول / الاصول المالية / لاصول النقدية / شيكات وحوالات تحت التحصيل / اوامر الدفع الواردة -  الوحدة الحسابية المركزية لوزارة المالية / اوامر الدفع الواردة - حسابات وصناديق خاصة
31130000,الحسابات المدينة المتنوعة,4,31100000,asset_non_current,الأصول / الاصول المالية / لاصول النقدية / الحسابات المدينة المتنوعة
31130100,حسابات مدينة متنوعة,5,31130000,asset_non_current,الأصول / الاصول المالية / لاصول النقدية / الحسابات المدينة المتنوعة / حسابات مدينة متنوعة
31130101,ح / مدينة - السلف المستديمة,6,31130100,asset_non_current,الأصول / الاصول المالية / لاصول النقدية / الحسابات المدينة المتنوعة / حسابات مدينة متنوعة / ح / مدينة - السلف المستديمة
31130102,ح / مدينة - طرف الهيئة القومية للتامين والمعاشات (سلف معاشات),6,31130100,asset_non_current,الأصول / الاصول المالية / لاصول النقدية / الحسابات المدينة المتنوعة / حسابات مدينة متنوعة / ح / مدينة - طرف الهيئة القومية للتامين والمعاشات (سلف معاشات)
31130103,ح / مدينة - مبالغ مخصومة بالخطا بنك مركزى,6,31130100,asset_non_current,الأصول / الاصول المالية / لاصول النقدية / الحسابات المدينة المتنوعة / حسابات مدينة متنوعة / ح / مدينة - مبالغ مخصومة بالخطا بنك مركزى
31130104,ح / مدينة تحت التسوية - مبالغ مخصومة بالخطا طرف الوحدة الحسابية,6,31130100,asset_non_current,الأصول / الاصول المالية / لاصول النقدية / الحسابات المدينة المتنوعة / حسابات مدينة متنوعة / ح / مدينة تحت التسوية - مبالغ مخصومة بالخطا طرف الوحدة الحسابية
31130105,ح / مدينة - اعتمادات نقدية بالخارج,6,31130100,asset_non_current,الأصول / الاصول المالية / لاصول النقدية / الحسابات المدينة المتنوعة / حسابات مدينة متنوعة / ح / مدينة - اعتمادات نقدية بالخارج
31130106,ح / مدينة - تأمينات لدى الغير,6,31130100,asset_non_current,الأصول / الاصول المالية / لاصول النقدية / الحسابات المدينة المتنوعة / حسابات مدينة متنوعة / ح / مدينة - تأمينات لدى الغير
31130107,ح/ مدينة تحت التسوية (جهات/افراد),6,31130100,asset_non_current,الأصول / الاصول المالية / لاصول النقدية / الحسابات المدينة المتنوعة / حسابات مدينة متنوعة / ح/ مدينة تحت التسوية (جهات/افراد)
31130108,ح/ مدينة تحت التسوية - طرف وزارة المالية,6,31130100,asset_non_current,الأصول / الاصول المالية / لاصول النقدية / الحسابات المدينة المتنوعة / حسابات مدينة متنوعة / ح/ مدينة تحت التسوية - طرف وزارة المالية
31130109,ح/المنصرف بمعرفة جهات,6,31130100,asset_non_current,الأصول / الاصول المالية / لاصول النقدية / الحسابات المدينة المتنوعة / حسابات مدينة متنوعة / ح/المنصرف بمعرفة جهات
31130110,ح/ جارى مستحقات طرف وزارة المالية,6,31130100,asset_non_current,الأصول / الاصول المالية / لاصول النقدية / الحسابات المدينة المتنوعة / حسابات مدينة متنوعة / ح/ جارى مستحقات طرف وزارة المالية
31130111,مدينة تحت التسوية جهات حكومية,6,31130100,asset_non_current,الأصول / الاصول المالية / لاصول النقدية / الحسابات المدينة المتنوعة / حسابات مدينة متنوعة / مدينة تحت التسوية جهات حكومية
31130112,مدينة تحت التسوية جهات غير  حكومية,6,31130100,asset_non_current,الأصول / الاصول المالية / لاصول النقدية / الحسابات المدينة المتنوعة / حسابات مدينة متنوعة / مدينة تحت التسوية جهات غير  حكومية
31130113,مدينة تحت التسوية افراد,6,31130100,asset_non_current,الأصول / الاصول المالية / لاصول النقدية / الحسابات المدينة المتنوعة / حسابات مدينة متنوعة / مدينة تحت التسوية افراد
31130199,ح / مدينة - تحت التسوية اخرى,6,31130100,asset_non_current,الأصول / الاصول المالية / لاصول النقدية / الحسابات المدينة المتنوعة / حسابات مدينة متنوعة / ح / مدينة - تحت التسوية اخرى
31130200,جاري المبالغ المدينة الإستثمارية,5,31130000,asset_non_current,الأصول / الاصول المالية / لاصول النقدية / الحسابات المدينة المتنوعة / جاري المبالغ المدينة الإستثمارية
31130201,ح/ المبالغ المستخدمة فى حدود السحب,6,31130200,asset_non_current,الأصول / الاصول المالية / لاصول النقدية / الحسابات المدينة المتنوعة / جاري المبالغ المدينة الإستثمارية / ح/ المبالغ المستخدمة فى حدود السحب
31130202,ح/ المبالغ المستخدمة فى حدود السحب - سنوات سابقة,6,31130200,asset_non_current,الأصول / الاصول المالية / لاصول النقدية / الحسابات المدينة المتنوعة / جاري المبالغ المدينة الإستثمارية / ح/ المبالغ المستخدمة فى حدود السحب - سنوات سابقة
31130203,ح / مدينة طرف بنك الإستثمار القومي,6,31130200,asset_non_current,الأصول / الاصول المالية / لاصول النقدية / الحسابات المدينة المتنوعة / جاري المبالغ المدينة الإستثمارية / ح / مدينة طرف بنك الإستثمار القومي
31130300,حسابات مدينة تحت التسوية,5,31130000,asset_non_current,الأصول / الاصول المالية / لاصول النقدية / الحسابات المدينة المتنوعة / حسابات مدينة تحت التسوية
31130302,ح/ مدينة تحت التسوية حسابات وصناديق خاصة,6,31130300,asset_non_current,الأصول / الاصول المالية / لاصول النقدية / الحسابات المدينة المتنوعة / حسابات مدينة تحت التسوية / ح/ مدينة تحت التسوية حسابات وصناديق خاصة
31130303,ح/ مدينة - جارى التصفية,6,31130300,asset_non_current,الأصول / الاصول المالية / لاصول النقدية / الحسابات المدينة المتنوعة / حسابات مدينة تحت التسوية / ح/ مدينة - جارى التصفية
40000000,لخصوم,1,,liability_non_current,لخصوم
41000000,الالتزامات,2,40000000,liability_non_current,لخصوم / الالتزامات
41100000,لالتزامات,3,41000000,liability_non_current,لخصوم / الالتزامات / لالتزامات
41110000,الحسابات الجارية الدائنة,4,41100000,liability_non_current,لخصوم / الالتزامات / لالتزامات / الحسابات الجارية الدائنة
41110100,جارى دائنة تحت التسوية - استقطاعات من العاملين,5,41110000,liability_non_current,لخصوم / الالتزامات / لالتزامات / الحسابات الجارية الدائنة / جارى دائنة تحت التسوية - استقطاعات من العاملين
41110101,ح / دائنة - جزاءات,6,41110100,liability_non_current,لخصوم / الالتزامات / لالتزامات / الحسابات الجارية الدائنة / جارى دائنة تحت التسوية - استقطاعات من العاملين / ح / دائنة - جزاءات
41110102,ح / دائنة - أقساط (بنوك - شركات - ... الخ),6,41110100,liability_non_current,لخصوم / الالتزامات / لالتزامات / الحسابات الجارية الدائنة / جارى دائنة تحت التسوية - استقطاعات من العاملين / ح / دائنة - أقساط (بنوك - شركات - ... الخ)
41110103,ح / دائنة - تبرعات,6,41110100,liability_non_current,لخصوم / الالتزامات / لالتزامات / الحسابات الجارية الدائنة / جارى دائنة تحت التسوية - استقطاعات من العاملين / ح / دائنة - تبرعات
41110104,ح / دائنة - اشتراكات (نقابات - روابط - صناديق - ...الخ),6,41110100,liability_non_current,لخصوم / الالتزامات / لالتزامات / الحسابات الجارية الدائنة / جارى دائنة تحت التسوية - استقطاعات من العاملين / ح / دائنة - اشتراكات (نقابات - روابط - صناديق - ...الخ)
41110105,ح / دائنة - نفقات,6,41110100,liability_non_current,لخصوم / الالتزامات / لالتزامات / الحسابات الجارية الدائنة / جارى دائنة تحت التسوية - استقطاعات من العاملين / ح / دائنة - نفقات
41110199,ح / دائنة - استقطاعات متنوعة من العاملين,6,41110100,liability_non_current,لخصوم / الالتزامات / لالتزامات / الحسابات الجارية الدائنة / جارى دائنة تحت التسوية - استقطاعات من العاملين / ح / دائنة - استقطاعات متنوعة من العاملين
41110200,جارى دائنة تحت التسوية - تأمين ومعاشات,5,41110000,liability_non_current,لخصوم / الالتزامات / لالتزامات / الحسابات الجارية الدائنة / جارى دائنة تحت التسوية - تأمين ومعاشات
41110201,ح / دائنة - تأمين ومعاشات,6,41110200,liability_non_current,لخصوم / الالتزامات / لالتزامات / الحسابات الجارية الدائنة / جارى دائنة تحت التسوية - تأمين ومعاشات / ح / دائنة - تأمين ومعاشات
41110202,ح / دائنة - تأمين صحى,6,41110200,liability_non_current,لخصوم / الالتزامات / لالتزامات / الحسابات الجارية الدائنة / جارى دائنة تحت التسوية - تأمين ومعاشات / ح / دائنة - تأمين صحى
41110203,ح / دائنة - تأمينات اجتماعية/أعمال مقاولات,6,41110200,liability_non_current,لخصوم / الالتزامات / لالتزامات / الحسابات الجارية الدائنة / جارى دائنة تحت التسوية - تأمين ومعاشات / ح / دائنة - تأمينات اجتماعية/أعمال مقاولات
41110204,التأمين الصحى الشامل,6,41110200,liability_non_current,لخصوم / الالتزامات / لالتزامات / الحسابات الجارية الدائنة / جارى دائنة تحت التسوية - تأمين ومعاشات / التأمين الصحى الشامل
41110299,ح / دائنة تأمين ومعاشات - متنوعة,6,41110200,liability_non_current,لخصوم / الالتزامات / لالتزامات / الحسابات الجارية الدائنة / جارى دائنة تحت التسوية - تأمين ومعاشات / ح / دائنة تأمين ومعاشات - متنوعة
41110300,جارى دائنة تحت التسوية - متنوعة,5,41110000,liability_non_current,لخصوم / الالتزامات / لالتزامات / الحسابات الجارية الدائنة / جارى دائنة تحت التسوية - متنوعة
41110301,ح / دائنة - ضريبة كسب عمل,6,41110300,liability_non_current,لخصوم / الالتزامات / لالتزامات / الحسابات الجارية الدائنة / جارى دائنة تحت التسوية - متنوعة / ح / دائنة - ضريبة كسب عمل
41110302,ح / دائنة - ضريبة أ.ت.ص ومهن حرة جارى,6,41110300,liability_non_current,لخصوم / الالتزامات / لالتزامات / الحسابات الجارية الدائنة / جارى دائنة تحت التسوية - متنوعة / ح / دائنة - ضريبة أ.ت.ص ومهن حرة جارى
41110303,ح / دائنة - ضريبة أ.ت.ص ومهن حرة استثمارى,6,41110300,liability_non_current,لخصوم / الالتزامات / لالتزامات / الحسابات الجارية الدائنة / جارى دائنة تحت التسوية - متنوعة / ح / دائنة - ضريبة أ.ت.ص ومهن حرة استثمارى
41110304,ح / دائنة - ضريبة دمغة جارى,6,41110300,liability_non_current,لخصوم / الالتزامات / لالتزامات / الحسابات الجارية الدائنة / جارى دائنة تحت التسوية - متنوعة / ح / دائنة - ضريبة دمغة جارى
41110305,ح / دائنة - ضريبة دمغة استثمارى,6,41110300,liability_non_current,لخصوم / الالتزامات / لالتزامات / الحسابات الجارية الدائنة / جارى دائنة تحت التسوية - متنوعة / ح / دائنة - ضريبة دمغة استثمارى
41110306,ح / دائنة - تنمية موارد - جارى / الوحدة الحسابية المركزية بوزارة المالية,6,41110300,liability_non_current,لخصوم / الالتزامات / لالتزامات / الحسابات الجارية الدائنة / جارى دائنة تحت التسوية - متنوعة / ح / دائنة - تنمية موارد - جارى / الوحدة الحسابية المركزية بوزارة المالية
41110307,ح / دائنة - تنمية موارد استثمارى,6,41110300,liability_non_current,لخصوم / الالتزامات / لالتزامات / الحسابات الجارية الدائنة / جارى دائنة تحت التسوية - متنوعة / ح / دائنة - تنمية موارد استثمارى
41110308,دائنة-ضريبة قيمة مضافة,6,41110300,liability_non_current,لخصوم / الالتزامات / لالتزامات / الحسابات الجارية الدائنة / جارى دائنة تحت التسوية - متنوعة / دائنة-ضريبة قيمة مضافة
41110399,ح / دائنة - ضرائب متنوعة,6,41110300,liability_non_current,لخصوم / الالتزامات / لالتزامات / الحسابات الجارية الدائنة / جارى دائنة تحت التسوية - متنوعة / ح / دائنة - ضرائب متنوعة
41110400,جارى دائنة تحت التسوية - تأمينات للغير,5,41110000,liability_non_current,لخصوم / الالتزامات / لالتزامات / الحسابات الجارية الدائنة / جارى دائنة تحت التسوية - تأمينات للغير
41110401,ح / دائنة - تأمينات للغير - تأمين ابتدائى جارى,6,41110400,liability_non_current,لخصوم / الالتزامات / لالتزامات / الحسابات الجارية الدائنة / جارى دائنة تحت التسوية - تأمينات للغير / ح / دائنة - تأمينات للغير - تأمين ابتدائى جارى
41110402,ح / دائنة - تأمينات للغير - تأمين نهائى جارى,6,41110400,liability_non_current,لخصوم / الالتزامات / لالتزامات / الحسابات الجارية الدائنة / جارى دائنة تحت التسوية - تأمينات للغير / ح / دائنة - تأمينات للغير - تأمين نهائى جارى
41110403,ح / دائنة - تأمينات للغير - تأمين نهائى استثمارى,6,41110400,liability_non_current,لخصوم / الالتزامات / لالتزامات / الحسابات الجارية الدائنة / جارى دائنة تحت التسوية - تأمينات للغير / ح / دائنة - تأمينات للغير - تأمين نهائى استثمارى
41110404,ح / دائنة - تأمينات للغير - تأمين ضمان أعمال جارى,6,41110400,liability_non_current,لخصوم / الالتزامات / لالتزامات / الحسابات الجارية الدائنة / جارى دائنة تحت التسوية - تأمينات للغير / ح / دائنة - تأمينات للغير - تأمين ضمان أعمال جارى
41110405,ح / دائنة - تأمينات للغير - تأمين ضمان أعمال استثمارى,6,41110400,liability_non_current,لخصوم / الالتزامات / لالتزامات / الحسابات الجارية الدائنة / جارى دائنة تحت التسوية - تأمينات للغير / ح / دائنة - تأمينات للغير - تأمين ضمان أعمال استثمارى
41110499,ح / دائنة - تأمينات للغير - متنوعة أخرى,6,41110400,liability_non_current,لخصوم / الالتزامات / لالتزامات / الحسابات الجارية الدائنة / جارى دائنة تحت التسوية - تأمينات للغير / ح / دائنة - تأمينات للغير - متنوعة أخرى
41110500,جارى دائنة تحت التسوية - شيكات وحوالات وأوامر دفع,5,41110000,liability_non_current,لخصوم / الالتزامات / لالتزامات / الحسابات الجارية الدائنة / جارى دائنة تحت التسوية - شيكات وحوالات وأوامر دفع
41110501,ح / شيكات بنك مركزى - أجور وتعويضات العاملين,6,41110500,liability_non_current,لخصوم / الالتزامات / لالتزامات / الحسابات الجارية الدائنة / جارى دائنة تحت التسوية - شيكات وحوالات وأوامر دفع / ح / شيكات بنك مركزى - أجور وتعويضات العاملين
41110502,ح / شيكات بنك مركزى - شراء السلع والخدمات,6,41110500,liability_non_current,لخصوم / الالتزامات / لالتزامات / الحسابات الجارية الدائنة / جارى دائنة تحت التسوية - شيكات وحوالات وأوامر دفع / ح / شيكات بنك مركزى - شراء السلع والخدمات
41110503,ح / شيكات بنك مركزى - الفوائد,6,41110500,liability_non_current,لخصوم / الالتزامات / لالتزامات / الحسابات الجارية الدائنة / جارى دائنة تحت التسوية - شيكات وحوالات وأوامر دفع / ح / شيكات بنك مركزى - الفوائد
41110504,ح / شيكات بنك مركزى - الدعم والمنح والمزايا الاجتماعية,6,41110500,liability_non_current,لخصوم / الالتزامات / لالتزامات / الحسابات الجارية الدائنة / جارى دائنة تحت التسوية - شيكات وحوالات وأوامر دفع / ح / شيكات بنك مركزى - الدعم والمنح والمزايا الاجتماعية
41110505,ح / شيكات بنك مركزى - المصروفات الأخرى,6,41110500,liability_non_current,لخصوم / الالتزامات / لالتزامات / الحسابات الجارية الدائنة / جارى دائنة تحت التسوية - شيكات وحوالات وأوامر دفع / ح / شيكات بنك مركزى - المصروفات الأخرى
41110506,ح / شيكات بنك مركزى - شراء الأصول غير المالية,6,41110500,liability_non_current,لخصوم / الالتزامات / لالتزامات / الحسابات الجارية الدائنة / جارى دائنة تحت التسوية - شيكات وحوالات وأوامر دفع / ح / شيكات بنك مركزى - شراء الأصول غير المالية
41110507,ح / شيكات بنك مركزى - حيازة الأصول المالية,6,41110500,liability_non_current,لخصوم / الالتزامات / لالتزامات / الحسابات الجارية الدائنة / جارى دائنة تحت التسوية - شيكات وحوالات وأوامر دفع / ح / شيكات بنك مركزى - حيازة الأصول المالية
41110508,ح / شيكات بنك مركزى - سداد القروض,6,41110500,liability_non_current,لخصوم / الالتزامات / لالتزامات / الحسابات الجارية الدائنة / جارى دائنة تحت التسوية - شيكات وحوالات وأوامر دفع / ح / شيكات بنك مركزى - سداد القروض
41110509,ح / شيكات بنك مركزى - جارى,6,41110500,liability_non_current,لخصوم / الالتزامات / لالتزامات / الحسابات الجارية الدائنة / جارى دائنة تحت التسوية - شيكات وحوالات وأوامر دفع / ح / شيكات بنك مركزى - جارى
41110510,ح / شيكات بنك مركزى - الضرائب,6,41110500,liability_non_current,لخصوم / الالتزامات / لالتزامات / الحسابات الجارية الدائنة / جارى دائنة تحت التسوية - شيكات وحوالات وأوامر دفع / ح / شيكات بنك مركزى - الضرائب
41110511,ح / شيكات بنك مركزى - المنح,6,41110500,liability_non_current,لخصوم / الالتزامات / لالتزامات / الحسابات الجارية الدائنة / جارى دائنة تحت التسوية - شيكات وحوالات وأوامر دفع / ح / شيكات بنك مركزى - المنح
41110512,ح / شيكات بنك مركزى - الإيرادات الأخرى,6,41110500,liability_non_current,لخصوم / الالتزامات / لالتزامات / الحسابات الجارية الدائنة / جارى دائنة تحت التسوية - شيكات وحوالات وأوامر دفع / ح / شيكات بنك مركزى - الإيرادات الأخرى
41110513,ح / شيكات بنك مركزى - متحصلات الاقراض ومبيعات الأصول المالية,6,41110500,liability_non_current,لخصوم / الالتزامات / لالتزامات / الحسابات الجارية الدائنة / جارى دائنة تحت التسوية - شيكات وحوالات وأوامر دفع / ح / شيكات بنك مركزى - متحصلات الاقراض ومبيعات الأصول المالية
41110514,ح / شيكات بنك مركزى - الاقتراض واصدار الأوراق المالية بخلاف الأسهم,6,41110500,liability_non_current,لخصوم / الالتزامات / لالتزامات / الحسابات الجارية الدائنة / جارى دائنة تحت التسوية - شيكات وحوالات وأوامر دفع / ح / شيكات بنك مركزى - الاقتراض واصدار الأوراق المالية بخلاف الأسهم
41110515,ح / شيكات بنك الاستثمار,6,41110500,liability_non_current,لخصوم / الالتزامات / لالتزامات / الحسابات الجارية الدائنة / جارى دائنة تحت التسوية - شيكات وحوالات وأوامر دفع / ح / شيكات بنك الاستثمار
41110516,ح / حوالات بريدية,6,41110500,liability_non_current,لخصوم / الالتزامات / لالتزامات / الحسابات الجارية الدائنة / جارى دائنة تحت التسوية - شيكات وحوالات وأوامر دفع / ح / حوالات بريدية
41110517,ح / أوامر الدفع المرسلة,6,41110500,liability_non_current,لخصوم / الالتزامات / لالتزامات / الحسابات الجارية الدائنة / جارى دائنة تحت التسوية - شيكات وحوالات وأوامر دفع / ح / أوامر الدفع المرسلة
41110600,جارى دائنة تحت التسوية - نقابات وروابط,5,41110000,liability_non_current,لخصوم / الالتزامات / لالتزامات / الحسابات الجارية الدائنة / جارى دائنة تحت التسوية - نقابات وروابط
41110601,ح / دائنة - نقابة المهن الهندسية,6,41110600,liability_non_current,لخصوم / الالتزامات / لالتزامات / الحسابات الجارية الدائنة / جارى دائنة تحت التسوية - نقابات وروابط / ح / دائنة - نقابة المهن الهندسية
41110602,ح / دائنة - نقابة المهن التطبيقية,6,41110600,liability_non_current,لخصوم / الالتزامات / لالتزامات / الحسابات الجارية الدائنة / جارى دائنة تحت التسوية - نقابات وروابط / ح / دائنة - نقابة المهن التطبيقية
41110603,ح / دائنة - نقابة مصممى الفنون,6,41110600,liability_non_current,لخصوم / الالتزامات / لالتزامات / الحسابات الجارية الدائنة / جارى دائنة تحت التسوية - نقابات وروابط / ح / دائنة - نقابة مصممى الفنون
41110699,ح / دائنة - نقابات وروابط أخرى,6,41110600,liability_non_current,لخصوم / الالتزامات / لالتزامات / الحسابات الجارية الدائنة / جارى دائنة تحت التسوية - نقابات وروابط / ح / دائنة - نقابات وروابط أخرى
41110700,جارى دائنة تحت التسوية - الوحدة الحسابية المركزية,5,41110000,liability_non_current,لخصوم / الالتزامات / لالتزامات / الحسابات الجارية الدائنة / جارى دائنة تحت التسوية - الوحدة الحسابية المركزية
41110701,ح / دائنة الوحدة الحسابية المركزية لنظام حساب الخزانة الموحد,6,41110700,liability_non_current,لخصوم / الالتزامات / لالتزامات / الحسابات الجارية الدائنة / جارى دائنة تحت التسوية - الوحدة الحسابية المركزية / ح / دائنة الوحدة الحسابية المركزية لنظام حساب الخزانة الموحد
41110800,جاري دائنة تحت التسوية - متنوعة,5,41110000,liability_non_current,لخصوم / الالتزامات / لالتزامات / الحسابات الجارية الدائنة / جاري دائنة تحت التسوية - متنوعة
41110801,ح/ دائنة - مرتجع مهايا,6,41110800,liability_non_current,لخصوم / الالتزامات / لالتزامات / الحسابات الجارية الدائنة / جاري دائنة تحت التسوية - متنوعة / ح/ دائنة - مرتجع مهايا
41110802,ح/ دائنة - حجوزات,6,41110800,liability_non_current,لخصوم / الالتزامات / لالتزامات / الحسابات الجارية الدائنة / جاري دائنة تحت التسوية - متنوعة / ح/ دائنة - حجوزات
41110803,ح/ دائنة - تعويضات,6,41110800,liability_non_current,لخصوم / الالتزامات / لالتزامات / الحسابات الجارية الدائنة / جاري دائنة تحت التسوية - متنوعة / ح/ دائنة - تعويضات
41110804,ح/ دائنة تحت التسوية - طرف (جهات/أفراد),6,41110800,liability_non_current,لخصوم / الالتزامات / لالتزامات / الحسابات الجارية الدائنة / جاري دائنة تحت التسوية - متنوعة / ح/ دائنة تحت التسوية - طرف (جهات/أفراد)
41110805,ح/ دائنة - مباغ مضافة بالخطأ بنك مركزى,6,41110800,liability_non_current,لخصوم / الالتزامات / لالتزامات / الحسابات الجارية الدائنة / جاري دائنة تحت التسوية - متنوعة / ح/ دائنة - مباغ مضافة بالخطأ بنك مركزى
41110806,ح/ دائنة - مبالغ مضافة بالخطأ بنك الاستثمار,6,41110800,liability_non_current,لخصوم / الالتزامات / لالتزامات / الحسابات الجارية الدائنة / جاري دائنة تحت التسوية - متنوعة / ح/ دائنة - مبالغ مضافة بالخطأ بنك الاستثمار
41110807,ح/ دائنة تحت التسوية - مبالغ مضافة بالخطأ طرف الوحدة الحسابية المركزية,6,41110800,liability_non_current,لخصوم / الالتزامات / لالتزامات / الحسابات الجارية الدائنة / جاري دائنة تحت التسوية - متنوعة / ح/ دائنة تحت التسوية - مبالغ مضافة بالخطأ طرف الوحدة الحسابية المركزية
41110808,ح/ دائنة تحت التسوية - طرف وزارة المالية,6,41110800,liability_non_current,لخصوم / الالتزامات / لالتزامات / الحسابات الجارية الدائنة / جاري دائنة تحت التسوية - متنوعة / ح/ دائنة تحت التسوية - طرف وزارة المالية
41110809,ح / دائنة - فائض مرحل,6,41110800,liability_non_current,لخصوم / الالتزامات / لالتزامات / الحسابات الجارية الدائنة / جاري دائنة تحت التسوية - متنوعة / ح / دائنة - فائض مرحل
41110810,ح / دائنة (منح / تبرعات),6,41110800,liability_non_current,لخصوم / الالتزامات / لالتزامات / الحسابات الجارية الدائنة / جاري دائنة تحت التسوية - متنوعة / ح / دائنة (منح / تبرعات)
41110811,ح / دائنة تحت التسوية - حسابات وصناديق خاصة,6,41110800,liability_non_current,لخصوم / الالتزامات / لالتزامات / الحسابات الجارية الدائنة / جاري دائنة تحت التسوية - متنوعة / ح / دائنة تحت التسوية - حسابات وصناديق خاصة
41110812,ح / دائنة تحت التسوية - جاري التصفية,6,41110800,liability_non_current,لخصوم / الالتزامات / لالتزامات / الحسابات الجارية الدائنة / جاري دائنة تحت التسوية - متنوعة / ح / دائنة تحت التسوية - جاري التصفية
41110813,ح / دائنة - محصل بمعرفة جهات,6,41110800,liability_non_current,لخصوم / الالتزامات / لالتزامات / الحسابات الجارية الدائنة / جاري دائنة تحت التسوية - متنوعة / ح / دائنة - محصل بمعرفة جهات
41110814,ح / دائنة جهات إستثماري,6,41110800,liability_non_current,لخصوم / الالتزامات / لالتزامات / الحسابات الجارية الدائنة / جاري دائنة تحت التسوية - متنوعة / ح / دائنة جهات إستثماري
41110815,ح / دائنة تحت التسوية مقابل إعادة الشئ لأصلة,6,41110800,liability_non_current,لخصوم / الالتزامات / لالتزامات / الحسابات الجارية الدائنة / جاري دائنة تحت التسوية - متنوعة / ح / دائنة تحت التسوية مقابل إعادة الشئ لأصلة
41110816,غرامات التصالح فى مخلفات البناء وتقنين أوضاعها(جدية تصالح),6,41110800,liability_non_current,لخصوم / الالتزامات / لالتزامات / الحسابات الجارية الدائنة / جاري دائنة تحت التسوية - متنوعة / غرامات التصالح فى مخلفات البناء وتقنين أوضاعها(جدية تصالح)
41110817,إشغالات طرح النهر,6,41110800,liability_non_current,لخصوم / الالتزامات / لالتزامات / الحسابات الجارية الدائنة / جاري دائنة تحت التسوية - متنوعة / إشغالات طرح النهر
41110818,المبالغ الزائدة عن الحد الأقصى للاجور,6,41110800,liability_non_current,لخصوم / الالتزامات / لالتزامات / الحسابات الجارية الدائنة / جاري دائنة تحت التسوية - متنوعة / المبالغ الزائدة عن الحد الأقصى للاجور
41110819,صندوق تكريم شهداء وضحايا ومفقودى ومصابى العمليات الحربية والارهابية والأمنية واسرهم /ضريبة الطابع,6,41110800,liability_non_current,لخصوم / الالتزامات / لالتزامات / الحسابات الجارية الدائنة / جاري دائنة تحت التسوية - متنوعة / صندوق تكريم شهداء وضحايا ومفقودى ومصابى العمليات الحربية والارهابية والأمنية واسرهم /ضريبة الطابع
41110820,صندوق تكريم شهداء وضحايا ومفقودى ومصابى العمليات الحربية والارهابية والأمنية واسرهم /المشاركة المجتمعية,6,41110800,liability_non_current,لخصوم / الالتزامات / لالتزامات / الحسابات الجارية الدائنة / جاري دائنة تحت التسوية - متنوعة / صندوق تكريم شهداء وضحايا ومفقودى ومصابى العمليات الحربية والارهابية والأمنية واسرهم /المشاركة المجتمعية
41110821,غرامات التصالح في مخلفات البناء وتقنين أوضاعها (نهائي على دفعة واحدة),6,41110800,liability_non_current,لخصوم / الالتزامات / لالتزامات / الحسابات الجارية الدائنة / جاري دائنة تحت التسوية - متنوعة / غرامات التصالح في مخلفات البناء وتقنين أوضاعها (نهائي على دفعة واحدة)
41110822,غرامات التصالح في مخلفات البناء وتقنين أوضاعها (أقساط),6,41110800,liability_non_current,لخصوم / الالتزامات / لالتزامات / الحسابات الجارية الدائنة / جاري دائنة تحت التسوية - متنوعة / غرامات التصالح في مخلفات البناء وتقنين أوضاعها (أقساط)
41110823,مستحقات صندوق الإسكان الاجتماعي لدى الجهات,6,41110800,liability_non_current,لخصوم / الالتزامات / لالتزامات / الحسابات الجارية الدائنة / جاري دائنة تحت التسوية - متنوعة / مستحقات صندوق الإسكان الاجتماعي لدى الجهات
41110824,متحصلات الكترونية عن أذون تسوية,6,41110800,liability_non_current,لخصوم / الالتزامات / لالتزامات / الحسابات الجارية الدائنة / جاري دائنة تحت التسوية - متنوعة / متحصلات الكترونية عن أذون تسوية
41110825,متحصلات الكترونية اخرى,6,41110800,liability_non_current,لخصوم / الالتزامات / لالتزامات / الحسابات الجارية الدائنة / جاري دائنة تحت التسوية - متنوعة / متحصلات الكترونية اخرى
41110826,حسابات مركزية,6,41110800,liability_non_current,لخصوم / الالتزامات / لالتزامات / الحسابات الجارية الدائنة / جاري دائنة تحت التسوية - متنوعة / حسابات مركزية
41110827,دائنة-قروض,6,41110800,liability_non_current,لخصوم / الالتزامات / لالتزامات / الحسابات الجارية الدائنة / جاري دائنة تحت التسوية - متنوعة / دائنة-قروض
41110828,دائنة-ارباب عهد,6,41110800,liability_non_current,لخصوم / الالتزامات / لالتزامات / الحسابات الجارية الدائنة / جاري دائنة تحت التسوية - متنوعة / دائنة-ارباب عهد
41110829,دائنة-مبادرات وبرامج,6,41110800,liability_non_current,لخصوم / الالتزامات / لالتزامات / الحسابات الجارية الدائنة / جاري دائنة تحت التسوية - متنوعة / دائنة-مبادرات وبرامج
41110830,دائنة-جهات حكومية,6,41110800,liability_non_current,لخصوم / الالتزامات / لالتزامات / الحسابات الجارية الدائنة / جاري دائنة تحت التسوية - متنوعة / دائنة-جهات حكومية
41110831,دائنة-جهات غير حكومية,6,41110800,liability_non_current,لخصوم / الالتزامات / لالتزامات / الحسابات الجارية الدائنة / جاري دائنة تحت التسوية - متنوعة / دائنة-جهات غير حكومية
41110832,دائنة-افراد,6,41110800,liability_non_current,لخصوم / الالتزامات / لالتزامات / الحسابات الجارية الدائنة / جاري دائنة تحت التسوية - متنوعة / دائنة-افراد
41110833,دائنة-علاج علي نفقة الدولة,6,41110800,liability_non_current,لخصوم / الالتزامات / لالتزامات / الحسابات الجارية الدائنة / جاري دائنة تحت التسوية - متنوعة / دائنة-علاج علي نفقة الدولة
41110834,دائنة-مقابل حق الانتفاع بالمساكن الحكومية,6,41110800,liability_non_current,لخصوم / الالتزامات / لالتزامات / الحسابات الجارية الدائنة / جاري دائنة تحت التسوية - متنوعة / دائنة-مقابل حق الانتفاع بالمساكن الحكومية
41110835,دائنة-معاشات منتدبين,6,41110800,liability_non_current,لخصوم / الالتزامات / لالتزامات / الحسابات الجارية الدائنة / جاري دائنة تحت التسوية - متنوعة / دائنة-معاشات منتدبين
41110899,ح/ دائنة - متنوعة أخرى,6,41110800,liability_non_current,لخصوم / الالتزامات / لالتزامات / الحسابات الجارية الدائنة / جاري دائنة تحت التسوية - متنوعة / ح/ دائنة - متنوعة أخرى
41110900,اوامر الدفع المرسلة -  الوحدة الحسابية المركزية لوزارة المالية,5,41110000,liability_non_current,لخصوم / الالتزامات / لالتزامات / الحسابات الجارية الدائنة / اوامر الدفع المرسلة -  الوحدة الحسابية المركزية لوزارة المالية
41110901,اوامر الدفع المرسلة - الاجور وتعويضات العاملين,6,41110900,liability_non_current,لخصوم / الالتزامات / لالتزامات / الحسابات الجارية الدائنة / اوامر الدفع المرسلة -  الوحدة الحسابية المركزية لوزارة المالية / اوامر الدفع المرسلة - الاجور وتعويضات العاملين
41110902,اوامر الدفع المرسلة - شراء السلع و الخدمات,6,41110900,liability_non_current,لخصوم / الالتزامات / لالتزامات / الحسابات الجارية الدائنة / اوامر الدفع المرسلة -  الوحدة الحسابية المركزية لوزارة المالية / اوامر الدفع المرسلة - شراء السلع و الخدمات
41110903,اوامر الدفع المرسلة - الفوائد,6,41110900,liability_non_current,لخصوم / الالتزامات / لالتزامات / الحسابات الجارية الدائنة / اوامر الدفع المرسلة -  الوحدة الحسابية المركزية لوزارة المالية / اوامر الدفع المرسلة - الفوائد
41110904,اوامر الدفع المرسلة - الدعم والمنح والمزايا الاجتماعية,6,41110900,liability_non_current,لخصوم / الالتزامات / لالتزامات / الحسابات الجارية الدائنة / اوامر الدفع المرسلة -  الوحدة الحسابية المركزية لوزارة المالية / اوامر الدفع المرسلة - الدعم والمنح والمزايا الاجتماعية
41110905,اوامر الدفع المرسلة - المصروفات الاخرى,6,41110900,liability_non_current,لخصوم / الالتزامات / لالتزامات / الحسابات الجارية الدائنة / اوامر الدفع المرسلة -  الوحدة الحسابية المركزية لوزارة المالية / اوامر الدفع المرسلة - المصروفات الاخرى
41110906,"""اومر الدفع المرسلة - شراء الاصول غير المالية ""الاستثمارات",6,41110900,liability_non_current,"لخصوم / الالتزامات / لالتزامات / الحسابات الجارية الدائنة / اوامر الدفع المرسلة -  الوحدة الحسابية المركزية لوزارة المالية / ""اومر الدفع المرسلة - شراء الاصول غير المالية ""الاستثمارات"
41110907,اوامر الدفع المرسلة - حيازة الاصول المالية المحلية و الاجنبية,6,41110900,liability_non_current,لخصوم / الالتزامات / لالتزامات / الحسابات الجارية الدائنة / اوامر الدفع المرسلة -  الوحدة الحسابية المركزية لوزارة المالية / اوامر الدفع المرسلة - حيازة الاصول المالية المحلية و الاجنبية
41110908,اوامر الدفع المرسلة - سداد القروض المحلية والاجنبية,6,41110900,liability_non_current,لخصوم / الالتزامات / لالتزامات / الحسابات الجارية الدائنة / اوامر الدفع المرسلة -  الوحدة الحسابية المركزية لوزارة المالية / اوامر الدفع المرسلة - سداد القروض المحلية والاجنبية
41110909,اوامر الدفع المرسلة - الضرائب,6,41110900,liability_non_current,لخصوم / الالتزامات / لالتزامات / الحسابات الجارية الدائنة / اوامر الدفع المرسلة -  الوحدة الحسابية المركزية لوزارة المالية / اوامر الدفع المرسلة - الضرائب
41110910,اوامر الدفع المرسلة - المنح,6,41110900,liability_non_current,لخصوم / الالتزامات / لالتزامات / الحسابات الجارية الدائنة / اوامر الدفع المرسلة -  الوحدة الحسابية المركزية لوزارة المالية / اوامر الدفع المرسلة - المنح
41110911,اوامر الدفع المرسلة - الايرادات الاخرى,6,41110900,liability_non_current,لخصوم / الالتزامات / لالتزامات / الحسابات الجارية الدائنة / اوامر الدفع المرسلة -  الوحدة الحسابية المركزية لوزارة المالية / اوامر الدفع المرسلة - الايرادات الاخرى
41110912,اوامر الدفع المرسلة - المتحصلات من الاقراض ومبيعات الاصول المالية,6,41110900,liability_non_current,لخصوم / الالتزامات / لالتزامات / الحسابات الجارية الدائنة / اوامر الدفع المرسلة -  الوحدة الحسابية المركزية لوزارة المالية / اوامر الدفع المرسلة - المتحصلات من الاقراض ومبيعات الاصول المالية
41110913,اوامر الدفع المرسلة - الاقتراض و اصدار الاوراق المالية,6,41110900,liability_non_current,لخصوم / الالتزامات / لالتزامات / الحسابات الجارية الدائنة / اوامر الدفع المرسلة -  الوحدة الحسابية المركزية لوزارة المالية / اوامر الدفع المرسلة - الاقتراض و اصدار الاوراق المالية
41110914,اوامر الدفع المرسلة - المدينون,6,41110900,liability_non_current,لخصوم / الالتزامات / لالتزامات / الحسابات الجارية الدائنة / اوامر الدفع المرسلة -  الوحدة الحسابية المركزية لوزارة المالية / اوامر الدفع المرسلة - المدينون
41110915,اوامر الدفع المرسلة - الدائنون,6,41110900,liability_non_current,لخصوم / الالتزامات / لالتزامات / الحسابات الجارية الدائنة / اوامر الدفع المرسلة -  الوحدة الحسابية المركزية لوزارة المالية / اوامر الدفع المرسلة - الدائنون
41110916,اومر الدفع المرسلة - شراء الأصول غيرالمالية (حسابات خاصة / ذاتي ),6,41110900,liability_non_current,لخصوم / الالتزامات / لالتزامات / الحسابات الجارية الدائنة / اوامر الدفع المرسلة -  الوحدة الحسابية المركزية لوزارة المالية / اومر الدفع المرسلة - شراء الأصول غيرالمالية (حسابات خاصة / ذاتي )
51000101,urplus_Deficit,4,51000000,equity_unaffected,urplus_Deficit
52000101,eserve for Encumbrances,4,52000000,equity_unaffected,eserve for Encumbrances
52000201,iscellanous Clearing Account,4,52000000,equity_unaffected,iscellanous Clearing Account
90000000,الحسابات النظامية,1,,liability_non_current,الحسابات النظامية
91000000,الحسابات النظامية المدينة,2,90000000,asset_non_current,الحسابات النظامية / الحسابات النظامية المدينة
91100000,الحسابات النظامية المدينة,3,91000000,asset_non_current,الحسابات النظامية / الحسابات النظامية المدينة / الحسابات النظامية المدينة
91110000,المستخدم من القروض,4,91100000,asset_non_current,الحسابات النظامية / الحسابات النظامية المدينة / الحسابات النظامية المدينة / المستخدم من القروض
91110100,المستخدم من القروض المحلية (محلى),5,91110000,asset_non_current,الحسابات النظامية / الحسابات النظامية المدينة / الحسابات النظامية المدينة / المستخدم من القروض / المستخدم من القروض المحلية (محلى)
91110101,ح/ سندات البنك المركزى,6,91110100,asset_non_current,الحسابات النظامية / الحسابات النظامية المدينة / الحسابات النظامية المدينة / المستخدم من القروض / المستخدم من القروض المحلية (محلى) / ح/ سندات البنك المركزى
91110102,ح/ سندات الخزانة المصرية,6,91110100,asset_non_current,الحسابات النظامية / الحسابات النظامية المدينة / الحسابات النظامية المدينة / المستخدم من القروض / المستخدم من القروض المحلية (محلى) / ح/ سندات الخزانة المصرية
91110103,ح/ سندات صادرة مقابل عجز هيئة السلع التموينية,6,91110100,asset_non_current,الحسابات النظامية / الحسابات النظامية المدينة / الحسابات النظامية المدينة / المستخدم من القروض / المستخدم من القروض المحلية (محلى) / ح/ سندات صادرة مقابل عجز هيئة السلع التموينية
91110104,ح/ السندات الصادرة لزيادة رؤوس أموال البنوك,6,91110100,asset_non_current,الحسابات النظامية / الحسابات النظامية المدينة / الحسابات النظامية المدينة / المستخدم من القروض / المستخدم من القروض المحلية (محلى) / ح/ السندات الصادرة لزيادة رؤوس أموال البنوك
91110105,ح/ صكوك صندوقى التأمين الإجتماعى العجز الأكتوارى,6,91110100,asset_non_current,الحسابات النظامية / الحسابات النظامية المدينة / الحسابات النظامية المدينة / المستخدم من القروض / المستخدم من القروض المحلية (محلى) / ح/ صكوك صندوقى التأمين الإجتماعى العجز الأكتوارى
91110106,ح/ صكوك صندوقى التأمين الإجتماعى,6,91110100,asset_non_current,الحسابات النظامية / الحسابات النظامية المدينة / الحسابات النظامية المدينة / المستخدم من القروض / المستخدم من القروض المحلية (محلى) / ح/ صكوك صندوقى التأمين الإجتماعى
91110107,ح/ قروض متنوعة,6,91110100,asset_non_current,الحسابات النظامية / الحسابات النظامية المدينة / الحسابات النظامية المدينة / المستخدم من القروض / المستخدم من القروض المحلية (محلى) / ح/ قروض متنوعة
91110200,المستخدم من القروض الخارجية (خارجى),5,91110000,asset_non_current,الحسابات النظامية / الحسابات النظامية المدينة / الحسابات النظامية المدينة / المستخدم من القروض / المستخدم من القروض الخارجية (خارجى)
91110201,ح/ القروض الأمريكية,6,91110200,asset_non_current,الحسابات النظامية / الحسابات النظامية المدينة / الحسابات النظامية المدينة / المستخدم من القروض / المستخدم من القروض الخارجية (خارجى) / ح/ القروض الأمريكية
91110202,ح/ قروض هيئة التنمية الدولية,6,91110200,asset_non_current,الحسابات النظامية / الحسابات النظامية المدينة / الحسابات النظامية المدينة / المستخدم من القروض / المستخدم من القروض الخارجية (خارجى) / ح/ قروض هيئة التنمية الدولية
91110203,ح/ قروض البنك الدولى للإنشاء والتعمير,6,91110200,asset_non_current,الحسابات النظامية / الحسابات النظامية المدينة / الحسابات النظامية المدينة / المستخدم من القروض / المستخدم من القروض الخارجية (خارجى) / ح/ قروض البنك الدولى للإنشاء والتعمير
91110204,ح/ قروض بنك التنمية الافريقى,6,91110200,asset_non_current,الحسابات النظامية / الحسابات النظامية المدينة / الحسابات النظامية المدينة / المستخدم من القروض / المستخدم من القروض الخارجية (خارجى) / ح/ قروض بنك التنمية الافريقى
91110205,ح/ قروض البنك الاسلامى للتنمية,6,91110200,asset_non_current,الحسابات النظامية / الحسابات النظامية المدينة / الحسابات النظامية المدينة / المستخدم من القروض / المستخدم من القروض الخارجية (خارجى) / ح/ قروض البنك الاسلامى للتنمية
91110206,ح/ صندوق العربى للإنماء الاقتصادى والاجتماعى,6,91110200,asset_non_current,الحسابات النظامية / الحسابات النظامية المدينة / الحسابات النظامية المدينة / المستخدم من القروض / المستخدم من القروض الخارجية (خارجى) / ح/ صندوق العربى للإنماء الاقتصادى والاجتماعى
91110207,ح/ قروض الصندوق السعودى,6,91110200,asset_non_current,الحسابات النظامية / الحسابات النظامية المدينة / الحسابات النظامية المدينة / المستخدم من القروض / المستخدم من القروض الخارجية (خارجى) / ح/ قروض الصندوق السعودى
91110208,ح/ قروض صندوق أبو ظبى,6,91110200,asset_non_current,الحسابات النظامية / الحسابات النظامية المدينة / الحسابات النظامية المدينة / المستخدم من القروض / المستخدم من القروض الخارجية (خارجى) / ح/ قروض صندوق أبو ظبى
91110209,ح/ قروض الصندوق الكويتى,6,91110200,asset_non_current,الحسابات النظامية / الحسابات النظامية المدينة / الحسابات النظامية المدينة / المستخدم من القروض / المستخدم من القروض الخارجية (خارجى) / ح/ قروض الصندوق الكويتى
91110210,ح/ قروض صندوق التنمية الافريقى,6,91110200,asset_non_current,الحسابات النظامية / الحسابات النظامية المدينة / الحسابات النظامية المدينة / المستخدم من القروض / المستخدم من القروض الخارجية (خارجى) / ح/ قروض صندوق التنمية الافريقى
91110211,ح/ قروض الصندوق الدولى للتنمية الزراعية,6,91110200,asset_non_current,الحسابات النظامية / الحسابات النظامية المدينة / الحسابات النظامية المدينة / المستخدم من القروض / المستخدم من القروض الخارجية (خارجى) / ح/ قروض الصندوق الدولى للتنمية الزراعية
91110212,ح/ صندوق الاوبك للتنمية الدولية,6,91110200,asset_non_current,الحسابات النظامية / الحسابات النظامية المدينة / الحسابات النظامية المدينة / المستخدم من القروض / المستخدم من القروض الخارجية (خارجى) / ح/ صندوق الاوبك للتنمية الدولية
91110213,ح/ القروض الهولندية,6,91110200,asset_non_current,الحسابات النظامية / الحسابات النظامية المدينة / الحسابات النظامية المدينة / المستخدم من القروض / المستخدم من القروض الخارجية (خارجى) / ح/ القروض الهولندية
91110214,ح/ القروض البلجيكية,6,91110200,asset_non_current,الحسابات النظامية / الحسابات النظامية المدينة / الحسابات النظامية المدينة / المستخدم من القروض / المستخدم من القروض الخارجية (خارجى) / ح/ القروض البلجيكية
91110215,ح/ القروض السويسرية,6,91110200,asset_non_current,الحسابات النظامية / الحسابات النظامية المدينة / الحسابات النظامية المدينة / المستخدم من القروض / المستخدم من القروض الخارجية (خارجى) / ح/ القروض السويسرية
91110216,ح/ القروض الايطالية,6,91110200,asset_non_current,الحسابات النظامية / الحسابات النظامية المدينة / الحسابات النظامية المدينة / المستخدم من القروض / المستخدم من القروض الخارجية (خارجى) / ح/ القروض الايطالية
91110217,ح/ القروض اليابانية,6,91110200,asset_non_current,الحسابات النظامية / الحسابات النظامية المدينة / الحسابات النظامية المدينة / المستخدم من القروض / المستخدم من القروض الخارجية (خارجى) / ح/ القروض اليابانية
91110218,ح/ القروض الفرنسية,6,91110200,asset_non_current,الحسابات النظامية / الحسابات النظامية المدينة / الحسابات النظامية المدينة / المستخدم من القروض / المستخدم من القروض الخارجية (خارجى) / ح/ القروض الفرنسية
91110219,ح/ القروض الصينية,6,91110200,asset_non_current,الحسابات النظامية / الحسابات النظامية المدينة / الحسابات النظامية المدينة / المستخدم من القروض / المستخدم من القروض الخارجية (خارجى) / ح/ القروض الصينية
91110220,ح/ القروض الاسبانية,6,91110200,asset_non_current,الحسابات النظامية / الحسابات النظامية المدينة / الحسابات النظامية المدينة / المستخدم من القروض / المستخدم من القروض الخارجية (خارجى) / ح/ القروض الاسبانية
91110221,ح/ القروض الالمانية,6,91110200,asset_non_current,الحسابات النظامية / الحسابات النظامية المدينة / الحسابات النظامية المدينة / المستخدم من القروض / المستخدم من القروض الخارجية (خارجى) / ح/ القروض الالمانية
91110222,ح/ السندات الدولارية,6,91110200,asset_non_current,الحسابات النظامية / الحسابات النظامية المدينة / الحسابات النظامية المدينة / المستخدم من القروض / المستخدم من القروض الخارجية (خارجى) / ح/ السندات الدولارية
91110223,ح/ نادى باريس - قروض يابانية,6,91110200,asset_non_current,الحسابات النظامية / الحسابات النظامية المدينة / الحسابات النظامية المدينة / المستخدم من القروض / المستخدم من القروض الخارجية (خارجى) / ح/ نادى باريس - قروض يابانية
91110224,ح/ نادى باريس - قروض فرنسية,6,91110200,asset_non_current,الحسابات النظامية / الحسابات النظامية المدينة / الحسابات النظامية المدينة / المستخدم من القروض / المستخدم من القروض الخارجية (خارجى) / ح/ نادى باريس - قروض فرنسية
91110225,ح/ نادى باريس - قروض المانية,6,91110200,asset_non_current,الحسابات النظامية / الحسابات النظامية المدينة / الحسابات النظامية المدينة / المستخدم من القروض / المستخدم من القروض الخارجية (خارجى) / ح/ نادى باريس - قروض المانية
91110226,ح/ نادى باريس - قروض هولندية,6,91110200,asset_non_current,الحسابات النظامية / الحسابات النظامية المدينة / الحسابات النظامية المدينة / المستخدم من القروض / المستخدم من القروض الخارجية (خارجى) / ح/ نادى باريس - قروض هولندية
91110227,ح/ نادى باريس - قروض ايطالية,6,91110200,asset_non_current,الحسابات النظامية / الحسابات النظامية المدينة / الحسابات النظامية المدينة / المستخدم من القروض / المستخدم من القروض الخارجية (خارجى) / ح/ نادى باريس - قروض ايطالية
91110228,ح/ نادى باريس - قروض بلجيكية,6,91110200,asset_non_current,الحسابات النظامية / الحسابات النظامية المدينة / الحسابات النظامية المدينة / المستخدم من القروض / المستخدم من القروض الخارجية (خارجى) / ح/ نادى باريس - قروض بلجيكية
91110229,ح/ نادى باريس - قروض انجليزية,6,91110200,asset_non_current,الحسابات النظامية / الحسابات النظامية المدينة / الحسابات النظامية المدينة / المستخدم من القروض / المستخدم من القروض الخارجية (خارجى) / ح/ نادى باريس - قروض انجليزية
91110230,ح/ نادى باريس - قروض دنماركية,6,91110200,asset_non_current,الحسابات النظامية / الحسابات النظامية المدينة / الحسابات النظامية المدينة / المستخدم من القروض / المستخدم من القروض الخارجية (خارجى) / ح/ نادى باريس - قروض دنماركية
91110231,ح/ نادى باريس - قروض أسبانية,6,91110200,asset_non_current,الحسابات النظامية / الحسابات النظامية المدينة / الحسابات النظامية المدينة / المستخدم من القروض / المستخدم من القروض الخارجية (خارجى) / ح/ نادى باريس - قروض أسبانية
91110232,ح/ نادى باريس - قروض السويدية,6,91110200,asset_non_current,الحسابات النظامية / الحسابات النظامية المدينة / الحسابات النظامية المدينة / المستخدم من القروض / المستخدم من القروض الخارجية (خارجى) / ح/ نادى باريس - قروض السويدية
91110233,ح/ نادى باريس - قروض نرويجية,6,91110200,asset_non_current,الحسابات النظامية / الحسابات النظامية المدينة / الحسابات النظامية المدينة / المستخدم من القروض / المستخدم من القروض الخارجية (خارجى) / ح/ نادى باريس - قروض نرويجية
91110234,ح/ نادى باريس - قروض سويسرا,6,91110200,asset_non_current,الحسابات النظامية / الحسابات النظامية المدينة / الحسابات النظامية المدينة / المستخدم من القروض / المستخدم من القروض الخارجية (خارجى) / ح/ نادى باريس - قروض سويسرا
91110235,ح/ نادى باريس - قروض النمسا,6,91110200,asset_non_current,الحسابات النظامية / الحسابات النظامية المدينة / الحسابات النظامية المدينة / المستخدم من القروض / المستخدم من القروض الخارجية (خارجى) / ح/ نادى باريس - قروض النمسا
91110236,ح/ نادى باريس - قروض أمريكا,6,91110200,asset_non_current,الحسابات النظامية / الحسابات النظامية المدينة / الحسابات النظامية المدينة / المستخدم من القروض / المستخدم من القروض الخارجية (خارجى) / ح/ نادى باريس - قروض أمريكا
91110237,ح/ نادى باريس - قروض كندا,6,91110200,asset_non_current,الحسابات النظامية / الحسابات النظامية المدينة / الحسابات النظامية المدينة / المستخدم من القروض / المستخدم من القروض الخارجية (خارجى) / ح/ نادى باريس - قروض كندا
91110238,ح/ نادى باريس - قروض استراليا,6,91110200,asset_non_current,الحسابات النظامية / الحسابات النظامية المدينة / الحسابات النظامية المدينة / المستخدم من القروض / المستخدم من القروض الخارجية (خارجى) / ح/ نادى باريس - قروض استراليا
91120000,الاستثمارات,4,91100000,asset_non_current,الحسابات النظامية / الحسابات النظامية المدينة / الحسابات النظامية المدينة / الاستثمارات
91120100,حصص الحكومة فى رؤوس أموال,5,91120000,asset_non_current,الحسابات النظامية / الحسابات النظامية المدينة / الحسابات النظامية المدينة / الاستثمارات / حصص الحكومة فى رؤوس أموال
91120101,ح/ هيئات دولية,6,91120100,asset_non_current,الحسابات النظامية / الحسابات النظامية المدينة / الحسابات النظامية المدينة / الاستثمارات / حصص الحكومة فى رؤوس أموال / ح/ هيئات دولية
91120102,ح/ هيئات أقتصادية,6,91120100,asset_non_current,الحسابات النظامية / الحسابات النظامية المدينة / الحسابات النظامية المدينة / الاستثمارات / حصص الحكومة فى رؤوس أموال / ح/ هيئات أقتصادية
91120103,ح/ شركات قطاع عام,6,91120100,asset_non_current,الحسابات النظامية / الحسابات النظامية المدينة / الحسابات النظامية المدينة / الاستثمارات / حصص الحكومة فى رؤوس أموال / ح/ شركات قطاع عام
91120104,ح/ شركات قابضة,6,91120100,asset_non_current,الحسابات النظامية / الحسابات النظامية المدينة / الحسابات النظامية المدينة / الاستثمارات / حصص الحكومة فى رؤوس أموال / ح/ شركات قابضة
91120105,ح/ شركات مشتركة,6,91120100,asset_non_current,الحسابات النظامية / الحسابات النظامية المدينة / الحسابات النظامية المدينة / الاستثمارات / حصص الحكومة فى رؤوس أموال / ح/ شركات مشتركة
91120106,ح/ شركات أخرى,6,91120100,asset_non_current,الحسابات النظامية / الحسابات النظامية المدينة / الحسابات النظامية المدينة / الاستثمارات / حصص الحكومة فى رؤوس أموال / ح/ شركات أخرى
91120107,ح/ المسحوب من المساهمات للهيئات الاقتصادية,6,91120100,asset_non_current,الحسابات النظامية / الحسابات النظامية المدينة / الحسابات النظامية المدينة / الاستثمارات / حصص الحكومة فى رؤوس أموال / ح/ المسحوب من المساهمات للهيئات الاقتصادية
91120200,الاوراق المالية,5,91120000,asset_non_current,الحسابات النظامية / الحسابات النظامية المدينة / الحسابات النظامية المدينة / الاستثمارات / الاوراق المالية
91120201,ح/ الأوراق المالية المملوكة لوزارة المالية,6,91120200,asset_non_current,الحسابات النظامية / الحسابات النظامية المدينة / الحسابات النظامية المدينة / الاستثمارات / الاوراق المالية / ح/ الأوراق المالية المملوكة لوزارة المالية
91120202,ح/الاستثمارات-الاوراق المالية-أذون الخزانة,6,91120200,asset_non_current,الحسابات النظامية / الحسابات النظامية المدينة / الحسابات النظامية المدينة / الاستثمارات / الاوراق المالية / ح/الاستثمارات-الاوراق المالية-أذون الخزانة
91120203,ح/الاستثمارات-الاوراق المالية-سندات الخزانة,6,91120200,asset_non_current,الحسابات النظامية / الحسابات النظامية المدينة / الحسابات النظامية المدينة / الاستثمارات / الاوراق المالية / ح/الاستثمارات-الاوراق المالية-سندات الخزانة
91120300,السندات الاذنية,5,91120000,asset_non_current,الحسابات النظامية / الحسابات النظامية المدينة / الحسابات النظامية المدينة / الاستثمارات / السندات الاذنية
91120301,ح/ السندات الاذنية الصادرة على الجهات المستفيدة من القروض,6,91120300,asset_non_current,الحسابات النظامية / الحسابات النظامية المدينة / الحسابات النظامية المدينة / الاستثمارات / السندات الاذنية / ح/ السندات الاذنية الصادرة على الجهات المستفيدة من القروض
91130000,حسابات نظامية مدينة متنوعة,4,91100000,asset_non_current,الحسابات النظامية / الحسابات النظامية المدينة / الحسابات النظامية المدينة / حسابات نظامية مدينة متنوعة
91130100,الأصول غير المالية,5,91130000,asset_non_current,الحسابات النظامية / الحسابات النظامية المدينة / الحسابات النظامية المدينة / حسابات نظامية مدينة متنوعة / الأصول غير المالية
91130101,ح/ مباني سكنية,6,91130100,asset_non_current,الحسابات النظامية / الحسابات النظامية المدينة / الحسابات النظامية المدينة / حسابات نظامية مدينة متنوعة / الأصول غير المالية / ح/ مباني سكنية
91130102,ح/ مبانى غير سكنية,6,91130100,asset_non_current,الحسابات النظامية / الحسابات النظامية المدينة / الحسابات النظامية المدينة / حسابات نظامية مدينة متنوعة / الأصول غير المالية / ح/ مبانى غير سكنية
91130103,ح/ تشييدات,6,91130100,asset_non_current,الحسابات النظامية / الحسابات النظامية المدينة / الحسابات النظامية المدينة / حسابات نظامية مدينة متنوعة / الأصول غير المالية / ح/ تشييدات
91130104,ح/ وسائل نقل,6,91130100,asset_non_current,الحسابات النظامية / الحسابات النظامية المدينة / الحسابات النظامية المدينة / حسابات نظامية مدينة متنوعة / الأصول غير المالية / ح/ وسائل نقل
91130105,ح/ وسائل إنتقال,6,91130100,asset_non_current,الحسابات النظامية / الحسابات النظامية المدينة / الحسابات النظامية المدينة / حسابات نظامية مدينة متنوعة / الأصول غير المالية / ح/ وسائل إنتقال
91130106,ح/ آلات ومعدات,6,91130100,asset_non_current,الحسابات النظامية / الحسابات النظامية المدينة / الحسابات النظامية المدينة / حسابات نظامية مدينة متنوعة / الأصول غير المالية / ح/ آلات ومعدات
91130107,ح/ عدد و أدوات,6,91130100,asset_non_current,الحسابات النظامية / الحسابات النظامية المدينة / الحسابات النظامية المدينة / حسابات نظامية مدينة متنوعة / الأصول غير المالية / ح/ عدد و أدوات
91130108,ح/ تجهيزات,6,91130100,asset_non_current,الحسابات النظامية / الحسابات النظامية المدينة / الحسابات النظامية المدينة / حسابات نظامية مدينة متنوعة / الأصول غير المالية / ح/ تجهيزات
91130109,ح/ ثروة حيوانية و مائية(أصول زراعية),6,91130100,asset_non_current,الحسابات النظامية / الحسابات النظامية المدينة / الحسابات النظامية المدينة / حسابات نظامية مدينة متنوعة / الأصول غير المالية / ح/ ثروة حيوانية و مائية(أصول زراعية)
91130110,ح / الأصول - أرضي,6,91130100,asset_non_current,الحسابات النظامية / الحسابات النظامية المدينة / الحسابات النظامية المدينة / حسابات نظامية مدينة متنوعة / الأصول غير المالية / ح / الأصول - أرضي
91130111,ح / الأصول - مشروعات تحت التنفيذ,6,91130100,asset_non_current,الحسابات النظامية / الحسابات النظامية المدينة / الحسابات النظامية المدينة / حسابات نظامية مدينة متنوعة / الأصول غير المالية / ح / الأصول - مشروعات تحت التنفيذ
91130112,ح / الأصول - أخرى,6,91130100,asset_non_current,الحسابات النظامية / الحسابات النظامية المدينة / الحسابات النظامية المدينة / حسابات نظامية مدينة متنوعة / الأصول غير المالية / ح / الأصول - أخرى
91130200,الديون المستحقة للحكومة,5,91130000,asset_non_current,الحسابات النظامية / الحسابات النظامية المدينة / الحسابات النظامية المدينة / حسابات نظامية مدينة متنوعة / الديون المستحقة للحكومة
91130201,ح/ الديون المستحقة للحكومة (متأخرات),6,91130200,asset_non_current,الحسابات النظامية / الحسابات النظامية المدينة / الحسابات النظامية المدينة / حسابات نظامية مدينة متنوعة / الديون المستحقة للحكومة / ح/ الديون المستحقة للحكومة (متأخرات)
91130202,ح/ الديون المستحقة (اختلاسات),6,91130200,asset_non_current,الحسابات النظامية / الحسابات النظامية المدينة / الحسابات النظامية المدينة / حسابات نظامية مدينة متنوعة / الديون المستحقة للحكومة / ح/ الديون المستحقة (اختلاسات)
91130203,المبالغ الزائدة عن الحد الأقصى للاجور,6,91130200,asset_non_current,الحسابات النظامية / الحسابات النظامية المدينة / الحسابات النظامية المدينة / حسابات نظامية مدينة متنوعة / الديون المستحقة للحكومة / المبالغ الزائدة عن الحد الأقصى للاجور
91130204,الديون المستحقة للحكومة - خطابات التزام,6,91130200,asset_non_current,الحسابات النظامية / الحسابات النظامية المدينة / الحسابات النظامية المدينة / حسابات نظامية مدينة متنوعة / الديون المستحقة للحكومة / الديون المستحقة للحكومة - خطابات التزام
91130205,لديون المستحقة -غرامات التصالح في مخالفات البناء وتقنين أوضاعها (أقساط),6,91130200,asset_non_current,الحسابات النظامية / الحسابات النظامية المدينة / الحسابات النظامية المدينة / حسابات نظامية مدينة متنوعة / الديون المستحقة للحكومة / لديون المستحقة -غرامات التصالح في مخالفات البناء وتقنين أوضاعها (أقساط)
91130206,ح/ الديون المستحقة للحكومة-الغير ممكن تحصيلها,6,91130200,asset_non_current,الحسابات النظامية / الحسابات النظامية المدينة / الحسابات النظامية المدينة / حسابات نظامية مدينة متنوعة / الديون المستحقة للحكومة / ح/ الديون المستحقة للحكومة-الغير ممكن تحصيلها
91130300,حسابات نظامية مدينة جارية,5,91130000,asset_non_current,الحسابات النظامية / الحسابات النظامية المدينة / الحسابات النظامية المدينة / حسابات نظامية مدينة متنوعة / حسابات نظامية مدينة جارية
91130301,ح/ المبالغ المدفوعة مقدماً عن استخدامات جارية,6,91130300,asset_non_current,الحسابات النظامية / الحسابات النظامية المدينة / الحسابات النظامية المدينة / حسابات نظامية مدينة متنوعة / حسابات نظامية مدينة جارية / ح/ المبالغ المدفوعة مقدماً عن استخدامات جارية
91130302,ح/ المبالغ المدفوعة مقدماً عن بونات وقود وقوى محركة,6,91130300,asset_non_current,الحسابات النظامية / الحسابات النظامية المدينة / الحسابات النظامية المدينة / حسابات نظامية مدينة متنوعة / حسابات نظامية مدينة جارية / ح/ المبالغ المدفوعة مقدماً عن بونات وقود وقوى محركة
91130303,ح/ المبالغ المدفوعة عن سلفة مؤقتة,6,91130300,asset_non_current,الحسابات النظامية / الحسابات النظامية المدينة / الحسابات النظامية المدينة / حسابات نظامية مدينة متنوعة / حسابات نظامية مدينة جارية / ح/ المبالغ المدفوعة عن سلفة مؤقتة
91130304,ح/ مبالغ مدفوعة مقدما على ذمة بدل سفر,6,91130300,asset_non_current,الحسابات النظامية / الحسابات النظامية المدينة / الحسابات النظامية المدينة / حسابات نظامية مدينة متنوعة / حسابات نظامية مدينة جارية / ح/ مبالغ مدفوعة مقدما على ذمة بدل سفر
91130305,ح/ مبالغ مدفوعة مقدماً على ذمة أمانة - جارى,6,91130300,asset_non_current,الحسابات النظامية / الحسابات النظامية المدينة / الحسابات النظامية المدينة / حسابات نظامية مدينة متنوعة / حسابات نظامية مدينة جارية / ح/ مبالغ مدفوعة مقدماً على ذمة أمانة - جارى
91130306,ح/ المبالغ المفتوح عنها اعتمادات نقدية بالخارج - جارى,6,91130300,asset_non_current,الحسابات النظامية / الحسابات النظامية المدينة / الحسابات النظامية المدينة / حسابات نظامية مدينة متنوعة / حسابات نظامية مدينة جارية / ح/ المبالغ المفتوح عنها اعتمادات نقدية بالخارج - جارى
91130307,ح / المبالغ المدفوعة على ذمة بونات وقود وقوى محركة عهدة السيد/ .............,6,91130300,asset_non_current,الحسابات النظامية / الحسابات النظامية المدينة / الحسابات النظامية المدينة / حسابات نظامية مدينة متنوعة / حسابات نظامية مدينة جارية / ح / المبالغ المدفوعة على ذمة بونات وقود وقوى محركة عهدة السيد/ .............
91130308,المبالغ المستحقة عن استخدامات للغير,6,91130300,asset_non_current,الحسابات النظامية / الحسابات النظامية المدينة / الحسابات النظامية المدينة / حسابات نظامية مدينة متنوعة / حسابات نظامية مدينة جارية / المبالغ المستحقة عن استخدامات للغير
91130400,حسابات نظامية مدينة استثمارية,5,91130000,asset_non_current,الحسابات النظامية / الحسابات النظامية المدينة / الحسابات النظامية المدينة / حسابات نظامية مدينة متنوعة / حسابات نظامية مدينة استثمارية
91130401,ح/ المبالغ المدفوعة مقدماً عن استخدامات استثمارية,6,91130400,asset_non_current,الحسابات النظامية / الحسابات النظامية المدينة / الحسابات النظامية المدينة / حسابات نظامية مدينة متنوعة / حسابات نظامية مدينة استثمارية / ح/ المبالغ المدفوعة مقدماً عن استخدامات استثمارية
91130402,ح/ مبالغ مدفوعة مقدماً على ذمة أمانة - استثمارى,6,91130400,asset_non_current,الحسابات النظامية / الحسابات النظامية المدينة / الحسابات النظامية المدينة / حسابات نظامية مدينة متنوعة / حسابات نظامية مدينة استثمارية / ح/ مبالغ مدفوعة مقدماً على ذمة أمانة - استثمارى
91130403,ح/ المبالغ المفتوح عنها اعتمادات نقدية بالخارج - استثمارى,6,91130400,asset_non_current,الحسابات النظامية / الحسابات النظامية المدينة / الحسابات النظامية المدينة / حسابات نظامية مدينة متنوعة / حسابات نظامية مدينة استثمارية / ح/ المبالغ المفتوح عنها اعتمادات نقدية بالخارج - استثمارى
91130404,ح/ الاعمال أو التوريدات الخاصة بالباب السادس ولم تسدد,6,91130400,asset_non_current,الحسابات النظامية / الحسابات النظامية المدينة / الحسابات النظامية المدينة / حسابات نظامية مدينة متنوعة / حسابات نظامية مدينة استثمارية / ح/ الاعمال أو التوريدات الخاصة بالباب السادس ولم تسدد
91130500,الكفالات عن تأمينات بموجب خطاب ضمان,5,91130000,asset_non_current,الحسابات النظامية / الحسابات النظامية المدينة / الحسابات النظامية المدينة / حسابات نظامية مدينة متنوعة / الكفالات عن تأمينات بموجب خطاب ضمان
91130501,ح/ كفالات عن تأمينات للغير نهائية,6,91130500,asset_non_current,الحسابات النظامية / الحسابات النظامية المدينة / الحسابات النظامية المدينة / حسابات نظامية مدينة متنوعة / الكفالات عن تأمينات بموجب خطاب ضمان / ح/ كفالات عن تأمينات للغير نهائية
91130502,ح/ كفالات عن تأمينات (مؤقتة),6,91130500,asset_non_current,الحسابات النظامية / الحسابات النظامية المدينة / الحسابات النظامية المدينة / حسابات نظامية مدينة متنوعة / الكفالات عن تأمينات بموجب خطاب ضمان / ح/ كفالات عن تأمينات (مؤقتة)
91130503,ح/ كفالات دفعات مقدمة,6,91130500,asset_non_current,الحسابات النظامية / الحسابات النظامية المدينة / الحسابات النظامية المدينة / حسابات نظامية مدينة متنوعة / الكفالات عن تأمينات بموجب خطاب ضمان / ح/ كفالات دفعات مقدمة
91130504,لكفالات عن خطابات التزام - تامين نهائي,6,91130500,asset_non_current,الحسابات النظامية / الحسابات النظامية المدينة / الحسابات النظامية المدينة / حسابات نظامية مدينة متنوعة / الكفالات عن تأمينات بموجب خطاب ضمان / لكفالات عن خطابات التزام - تامين نهائي
91130505,لكفالات عن خطابات التزام - تامين مؤقت,6,91130500,asset_non_current,الحسابات النظامية / الحسابات النظامية المدينة / الحسابات النظامية المدينة / حسابات نظامية مدينة متنوعة / الكفالات عن تأمينات بموجب خطاب ضمان / لكفالات عن خطابات التزام - تامين مؤقت
91130600,حسابات نظامية مدينة متنوعة أخرى,5,91130000,asset_non_current,الحسابات النظامية / الحسابات النظامية المدينة / الحسابات النظامية المدينة / حسابات نظامية مدينة متنوعة / حسابات نظامية مدينة متنوعة أخرى
91130601,ح/ المودع من شركات القطاع العام (5% سندات حكومية),6,91130600,asset_non_current,الحسابات النظامية / الحسابات النظامية المدينة / الحسابات النظامية المدينة / حسابات نظامية مدينة متنوعة / حسابات نظامية مدينة متنوعة أخرى / ح/ المودع من شركات القطاع العام (5% سندات حكومية)
91130602,ح/ مشروع رأس المال,6,91130600,asset_non_current,الحسابات النظامية / الحسابات النظامية المدينة / الحسابات النظامية المدينة / حسابات نظامية مدينة متنوعة / حسابات نظامية مدينة متنوعة أخرى / ح/ مشروع رأس المال
91130603,ح/ مشروع معامل دراسية,6,91130600,asset_non_current,الحسابات النظامية / الحسابات النظامية المدينة / الحسابات النظامية المدينة / حسابات نظامية مدينة متنوعة / حسابات نظامية مدينة متنوعة أخرى / ح/ مشروع معامل دراسية
91130604,ح/ حسابات نظامية مدينة اخرى,6,91130600,asset_non_current,الحسابات النظامية / الحسابات النظامية المدينة / الحسابات النظامية المدينة / حسابات نظامية مدينة متنوعة / حسابات نظامية مدينة متنوعة أخرى / ح/ حسابات نظامية مدينة اخرى
91130605,ح/القروض المأخوذة بمعرفة الشركات,6,91130600,asset_non_current,الحسابات النظامية / الحسابات النظامية المدينة / الحسابات النظامية المدينة / حسابات نظامية مدينة متنوعة / حسابات نظامية مدينة متنوعة أخرى / ح/القروض المأخوذة بمعرفة الشركات
92000000,الحسابات النظامية الدائنة,2,90000000,liability_non_current,الحسابات النظامية / الحسابات النظامية الدائنة
92100000,الحسابات النظامية الدائنة,3,92000000,liability_non_current,الحسابات النظامية / الحسابات النظامية الدائنة / الحسابات النظامية الدائنة
92110000,القروض,4,92100000,liability_non_current,الحسابات النظامية / الحسابات النظامية الدائنة / الحسابات النظامية الدائنة / القروض
92110100,القروض المحلية (محلى),5,92110000,liability_non_current,الحسابات النظامية / الحسابات النظامية الدائنة / الحسابات النظامية الدائنة / القروض / القروض المحلية (محلى)
92110101,ح/ تسوية مطلوبات الحكومة متأخرات,6,92110100,liability_non_current,الحسابات النظامية / الحسابات النظامية الدائنة / الحسابات النظامية الدائنة / القروض / القروض المحلية (محلى) / ح/ تسوية مطلوبات الحكومة متأخرات
92110102,ح/ قروض الخزانة المصرية,6,92110100,liability_non_current,الحسابات النظامية / الحسابات النظامية الدائنة / الحسابات النظامية الدائنة / القروض / القروض المحلية (محلى) / ح/ قروض الخزانة المصرية
92110103,ح/ قروض عجز السلع التموينية,6,92110100,liability_non_current,الحسابات النظامية / الحسابات النظامية الدائنة / الحسابات النظامية الدائنة / القروض / القروض المحلية (محلى) / ح/ قروض عجز السلع التموينية
92110104,ح/ قروض زيادة رؤوس أموال البنوك,6,92110100,liability_non_current,الحسابات النظامية / الحسابات النظامية الدائنة / الحسابات النظامية الدائنة / القروض / القروض المحلية (محلى) / ح/ قروض زيادة رؤوس أموال البنوك
92110105,ح/ صكوك صندوقى التأمين العجز الأكتوارى,6,92110100,liability_non_current,الحسابات النظامية / الحسابات النظامية الدائنة / الحسابات النظامية الدائنة / القروض / القروض المحلية (محلى) / ح/ صكوك صندوقى التأمين العجز الأكتوارى
92110106,ح/ صكوك صندوقى التأمين عجز الموازنة,6,92110100,liability_non_current,الحسابات النظامية / الحسابات النظامية الدائنة / الحسابات النظامية الدائنة / القروض / القروض المحلية (محلى) / ح/ صكوك صندوقى التأمين عجز الموازنة
92110107,ح/ قروض متنوعة,6,92110100,liability_non_current,الحسابات النظامية / الحسابات النظامية الدائنة / الحسابات النظامية الدائنة / القروض / القروض المحلية (محلى) / ح/ قروض متنوعة
92110200,القروض الخارجية (خارجى),5,92110000,liability_non_current,الحسابات النظامية / الحسابات النظامية الدائنة / الحسابات النظامية الدائنة / القروض / القروض الخارجية (خارجى)
92110201,ح/ القروض الأمريكية,6,92110200,liability_non_current,الحسابات النظامية / الحسابات النظامية الدائنة / الحسابات النظامية الدائنة / القروض / القروض الخارجية (خارجى) / ح/ القروض الأمريكية
92110202,ح/ قروض هيئة التنمية الدولية,6,92110200,liability_non_current,الحسابات النظامية / الحسابات النظامية الدائنة / الحسابات النظامية الدائنة / القروض / القروض الخارجية (خارجى) / ح/ قروض هيئة التنمية الدولية
92110203,ح/ قروض البنك الدولى للإنشاء والتعمير,6,92110200,liability_non_current,الحسابات النظامية / الحسابات النظامية الدائنة / الحسابات النظامية الدائنة / القروض / القروض الخارجية (خارجى) / ح/ قروض البنك الدولى للإنشاء والتعمير
92110204,ح/ قروض بنك التنمية الافريقى,6,92110200,liability_non_current,الحسابات النظامية / الحسابات النظامية الدائنة / الحسابات النظامية الدائنة / القروض / القروض الخارجية (خارجى) / ح/ قروض بنك التنمية الافريقى
92110205,ح/ قروض البنك الاسلامى للتنمية,6,92110200,liability_non_current,الحسابات النظامية / الحسابات النظامية الدائنة / الحسابات النظامية الدائنة / القروض / القروض الخارجية (خارجى) / ح/ قروض البنك الاسلامى للتنمية
92110206,ح/ صندوق العربى للإنماء الاقتصادى والاجتماعى,6,92110200,liability_non_current,الحسابات النظامية / الحسابات النظامية الدائنة / الحسابات النظامية الدائنة / القروض / القروض الخارجية (خارجى) / ح/ صندوق العربى للإنماء الاقتصادى والاجتماعى
92110207,ح/ قروض الصندوق السعودى,6,92110200,liability_non_current,الحسابات النظامية / الحسابات النظامية الدائنة / الحسابات النظامية الدائنة / القروض / القروض الخارجية (خارجى) / ح/ قروض الصندوق السعودى
92110208,ح/ قروض صندوق أبو ظبى,6,92110200,liability_non_current,الحسابات النظامية / الحسابات النظامية الدائنة / الحسابات النظامية الدائنة / القروض / القروض الخارجية (خارجى) / ح/ قروض صندوق أبو ظبى
92110209,ح/ قروض الصندوق الكويتى,6,92110200,liability_non_current,الحسابات النظامية / الحسابات النظامية الدائنة / الحسابات النظامية الدائنة / القروض / القروض الخارجية (خارجى) / ح/ قروض الصندوق الكويتى
92110210,ح/ قروض صندوق التنمية الافريقى,6,92110200,liability_non_current,الحسابات النظامية / الحسابات النظامية الدائنة / الحسابات النظامية الدائنة / القروض / القروض الخارجية (خارجى) / ح/ قروض صندوق التنمية الافريقى
92110211,ح/ قروض الصندوق الدولى للتنمية الزراعية,6,92110200,liability_non_current,الحسابات النظامية / الحسابات النظامية الدائنة / الحسابات النظامية الدائنة / القروض / القروض الخارجية (خارجى) / ح/ قروض الصندوق الدولى للتنمية الزراعية
92110212,ح/ صندوق الاوبك للتنمية الدولية,6,92110200,liability_non_current,الحسابات النظامية / الحسابات النظامية الدائنة / الحسابات النظامية الدائنة / القروض / القروض الخارجية (خارجى) / ح/ صندوق الاوبك للتنمية الدولية
92110213,ح/ القروض الهولندية,6,92110200,liability_non_current,الحسابات النظامية / الحسابات النظامية الدائنة / الحسابات النظامية الدائنة / القروض / القروض الخارجية (خارجى) / ح/ القروض الهولندية
92110214,ح/ القروض البلجيكية,6,92110200,liability_non_current,الحسابات النظامية / الحسابات النظامية الدائنة / الحسابات النظامية الدائنة / القروض / القروض الخارجية (خارجى) / ح/ القروض البلجيكية
92110215,ح/ القروض السويسرية,6,92110200,liability_non_current,الحسابات النظامية / الحسابات النظامية الدائنة / الحسابات النظامية الدائنة / القروض / القروض الخارجية (خارجى) / ح/ القروض السويسرية
92110216,ح/ القروض الايطالية,6,92110200,liability_non_current,الحسابات النظامية / الحسابات النظامية الدائنة / الحسابات النظامية الدائنة / القروض / القروض الخارجية (خارجى) / ح/ القروض الايطالية
92110217,ح/ القروض اليابانية,6,92110200,liability_non_current,الحسابات النظامية / الحسابات النظامية الدائنة / الحسابات النظامية الدائنة / القروض / القروض الخارجية (خارجى) / ح/ القروض اليابانية
92110218,ح/ القروض الفرنسية,6,92110200,liability_non_current,الحسابات النظامية / الحسابات النظامية الدائنة / الحسابات النظامية الدائنة / القروض / القروض الخارجية (خارجى) / ح/ القروض الفرنسية
92110219,ح/ القروض الصينية,6,92110200,liability_non_current,الحسابات النظامية / الحسابات النظامية الدائنة / الحسابات النظامية الدائنة / القروض / القروض الخارجية (خارجى) / ح/ القروض الصينية
92110220,ح/ القروض الاسبانية,6,92110200,liability_non_current,الحسابات النظامية / الحسابات النظامية الدائنة / الحسابات النظامية الدائنة / القروض / القروض الخارجية (خارجى) / ح/ القروض الاسبانية
92110221,ح/ القروض الالمانية,6,92110200,liability_non_current,الحسابات النظامية / الحسابات النظامية الدائنة / الحسابات النظامية الدائنة / القروض / القروض الخارجية (خارجى) / ح/ القروض الالمانية
92110222,ح/ السندات الدولارية,6,92110200,liability_non_current,الحسابات النظامية / الحسابات النظامية الدائنة / الحسابات النظامية الدائنة / القروض / القروض الخارجية (خارجى) / ح/ السندات الدولارية
92110223,ح/ نادى باريس - قروض يابانية,6,92110200,liability_non_current,الحسابات النظامية / الحسابات النظامية الدائنة / الحسابات النظامية الدائنة / القروض / القروض الخارجية (خارجى) / ح/ نادى باريس - قروض يابانية
92110224,ح/ نادى باريس - قروض فرنسية,6,92110200,liability_non_current,الحسابات النظامية / الحسابات النظامية الدائنة / الحسابات النظامية الدائنة / القروض / القروض الخارجية (خارجى) / ح/ نادى باريس - قروض فرنسية
92110225,ح/ نادى باريس - قروض المانية,6,92110200,liability_non_current,الحسابات النظامية / الحسابات النظامية الدائنة / الحسابات النظامية الدائنة / القروض / القروض الخارجية (خارجى) / ح/ نادى باريس - قروض المانية
92110226,ح/ نادى باريس - قروض هولندية,6,92110200,liability_non_current,الحسابات النظامية / الحسابات النظامية الدائنة / الحسابات النظامية الدائنة / القروض / القروض الخارجية (خارجى) / ح/ نادى باريس - قروض هولندية
92110227,ح/ نادى باريس - قروض ايطالية,6,92110200,liability_non_current,الحسابات النظامية / الحسابات النظامية الدائنة / الحسابات النظامية الدائنة / القروض / القروض الخارجية (خارجى) / ح/ نادى باريس - قروض ايطالية
92110228,ح/ نادى باريس - قروض بلجيكية,6,92110200,liability_non_current,الحسابات النظامية / الحسابات النظامية الدائنة / الحسابات النظامية الدائنة / القروض / القروض الخارجية (خارجى) / ح/ نادى باريس - قروض بلجيكية
92110229,ح/ نادى باريس - قروض انجليزية,6,92110200,liability_non_current,الحسابات النظامية / الحسابات النظامية الدائنة / الحسابات النظامية الدائنة / القروض / القروض الخارجية (خارجى) / ح/ نادى باريس - قروض انجليزية
92110230,ح/ نادى باريس - قروض دنماركية,6,92110200,liability_non_current,الحسابات النظامية / الحسابات النظامية الدائنة / الحسابات النظامية الدائنة / القروض / القروض الخارجية (خارجى) / ح/ نادى باريس - قروض دنماركية
92110231,ح/ نادى باريس - قروض أسبانية,6,92110200,liability_non_current,الحسابات النظامية / الحسابات النظامية الدائنة / الحسابات النظامية الدائنة / القروض / القروض الخارجية (خارجى) / ح/ نادى باريس - قروض أسبانية
92110232,ح/ نادى باريس - قروض السويدية,6,92110200,liability_non_current,الحسابات النظامية / الحسابات النظامية الدائنة / الحسابات النظامية الدائنة / القروض / القروض الخارجية (خارجى) / ح/ نادى باريس - قروض السويدية
92110233,ح/ نادى باريس - قروض نرويجية,6,92110200,liability_non_current,الحسابات النظامية / الحسابات النظامية الدائنة / الحسابات النظامية الدائنة / القروض / القروض الخارجية (خارجى) / ح/ نادى باريس - قروض نرويجية
92110234,ح/ نادى باريس - قروض سويسرا,6,92110200,liability_non_current,الحسابات النظامية / الحسابات النظامية الدائنة / الحسابات النظامية الدائنة / القروض / القروض الخارجية (خارجى) / ح/ نادى باريس - قروض سويسرا
92110235,ح/ نادى باريس - قروض النمسا,6,92110200,liability_non_current,الحسابات النظامية / الحسابات النظامية الدائنة / الحسابات النظامية الدائنة / القروض / القروض الخارجية (خارجى) / ح/ نادى باريس - قروض النمسا
92110236,ح/ نادى باريس - قروض أمريكا,6,92110200,liability_non_current,الحسابات النظامية / الحسابات النظامية الدائنة / الحسابات النظامية الدائنة / القروض / القروض الخارجية (خارجى) / ح/ نادى باريس - قروض أمريكا
92110237,ح/ نادى باريس - قروض كندا,6,92110200,liability_non_current,الحسابات النظامية / الحسابات النظامية الدائنة / الحسابات النظامية الدائنة / القروض / القروض الخارجية (خارجى) / ح/ نادى باريس - قروض كندا
92110238,ح/ نادى باريس - قروض استراليا,6,92110200,liability_non_current,الحسابات النظامية / الحسابات النظامية الدائنة / الحسابات النظامية الدائنة / القروض / القروض الخارجية (خارجى) / ح/ نادى باريس - قروض استراليا
92120000,رؤوس الأموال,4,92100000,liability_non_current,الحسابات النظامية / الحسابات النظامية الدائنة / الحسابات النظامية الدائنة / رؤوس الأموال
92120100,نصيب الحكومة فى رؤوس أموال,5,92120000,liability_non_current,الحسابات النظامية / الحسابات النظامية الدائنة / الحسابات النظامية الدائنة / رؤوس الأموال / نصيب الحكومة فى رؤوس أموال
92120101,ح/ هيئات دولية,6,92120100,liability_non_current,الحسابات النظامية / الحسابات النظامية الدائنة / الحسابات النظامية الدائنة / رؤوس الأموال / نصيب الحكومة فى رؤوس أموال / ح/ هيئات دولية
92120102,ح/ هيئات أقتصادية,6,92120100,liability_non_current,الحسابات النظامية / الحسابات النظامية الدائنة / الحسابات النظامية الدائنة / رؤوس الأموال / نصيب الحكومة فى رؤوس أموال / ح/ هيئات أقتصادية
92120103,ح/ شركات قطاع عام,6,92120100,liability_non_current,الحسابات النظامية / الحسابات النظامية الدائنة / الحسابات النظامية الدائنة / رؤوس الأموال / نصيب الحكومة فى رؤوس أموال / ح/ شركات قطاع عام
92120104,ح/ شركات قابضة,6,92120100,liability_non_current,الحسابات النظامية / الحسابات النظامية الدائنة / الحسابات النظامية الدائنة / رؤوس الأموال / نصيب الحكومة فى رؤوس أموال / ح/ شركات قابضة
92120105,ح/ شركات مشتركة,6,92120100,liability_non_current,الحسابات النظامية / الحسابات النظامية الدائنة / الحسابات النظامية الدائنة / رؤوس الأموال / نصيب الحكومة فى رؤوس أموال / ح/ شركات مشتركة
92120106,ح/ شركات أخرى,6,92120100,liability_non_current,الحسابات النظامية / الحسابات النظامية الدائنة / الحسابات النظامية الدائنة / رؤوس الأموال / نصيب الحكومة فى رؤوس أموال / ح/ شركات أخرى
92120107,ح/ المساهمات المتاحة لتمويل الهيئات الاقتصادية,6,92120100,liability_non_current,الحسابات النظامية / الحسابات النظامية الدائنة / الحسابات النظامية الدائنة / رؤوس الأموال / نصيب الحكومة فى رؤوس أموال / ح/ المساهمات المتاحة لتمويل الهيئات الاقتصادية
92120200,المستثمر فى الأوراق المالية,5,92120000,liability_non_current,الحسابات النظامية / الحسابات النظامية الدائنة / الحسابات النظامية الدائنة / رؤوس الأموال / المستثمر فى الأوراق المالية
92120201,ح/ المستثمر فى الأوراق المالية (وزارة المالية),6,92120200,liability_non_current,الحسابات النظامية / الحسابات النظامية الدائنة / الحسابات النظامية الدائنة / رؤوس الأموال / المستثمر فى الأوراق المالية / ح/ المستثمر فى الأوراق المالية (وزارة المالية)
92120202,ح/رؤوس الاموال-المستثمر فى الاوراق المالية-أذون الخزانة,6,92120200,liability_non_current,الحسابات النظامية / الحسابات النظامية الدائنة / الحسابات النظامية الدائنة / رؤوس الأموال / المستثمر فى الأوراق المالية / ح/رؤوس الاموال-المستثمر فى الاوراق المالية-أذون الخزانة
92120203,ح/رؤوس الاموال-المستثمر فى الاوراق المالية-سندات الخزانة,6,92120200,liability_non_current,الحسابات النظامية / الحسابات النظامية الدائنة / الحسابات النظامية الدائنة / رؤوس الأموال / المستثمر فى الأوراق المالية / ح/رؤوس الاموال-المستثمر فى الاوراق المالية-سندات الخزانة
92120300,السندات الاذنية,5,92120000,liability_non_current,الحسابات النظامية / الحسابات النظامية الدائنة / الحسابات النظامية الدائنة / رؤوس الأموال / السندات الاذنية
92120301,ح/ القروض المتاحة الصادربها سندات اذنية على الجهات المستفيدة من القروض,6,92120300,liability_non_current,الحسابات النظامية / الحسابات النظامية الدائنة / الحسابات النظامية الدائنة / رؤوس الأموال / السندات الاذنية / ح/ القروض المتاحة الصادربها سندات اذنية على الجهات المستفيدة من القروض
92130000,حسابات نظامية دائنة متنوعة,4,92100000,liability_non_current,الحسابات النظامية / الحسابات النظامية الدائنة / الحسابات النظامية الدائنة / حسابات نظامية دائنة متنوعة
92130100,المال العام المستثمر فى أصول غير مالية,5,92130000,liability_non_current,الحسابات النظامية / الحسابات النظامية الدائنة / الحسابات النظامية الدائنة / حسابات نظامية دائنة متنوعة / المال العام المستثمر فى أصول غير مالية
92130101,ح/ المال العام المستثمر فى أصول  (مباني سكنية,6,92130100,liability_non_current,الحسابات النظامية / الحسابات النظامية الدائنة / الحسابات النظامية الدائنة / حسابات نظامية دائنة متنوعة / المال العام المستثمر فى أصول غير مالية / ح/ المال العام المستثمر فى أصول  (مباني سكنية
92130102,ح/ المال العام المستثمر فى أصول  (مبانى غير سكنية,6,92130100,liability_non_current,الحسابات النظامية / الحسابات النظامية الدائنة / الحسابات النظامية الدائنة / حسابات نظامية دائنة متنوعة / المال العام المستثمر فى أصول غير مالية / ح/ المال العام المستثمر فى أصول  (مبانى غير سكنية
92130103,ح/ المال العام المستثمر فى أصول  (تشييدات,6,92130100,liability_non_current,الحسابات النظامية / الحسابات النظامية الدائنة / الحسابات النظامية الدائنة / حسابات نظامية دائنة متنوعة / المال العام المستثمر فى أصول غير مالية / ح/ المال العام المستثمر فى أصول  (تشييدات
92130104,ح/ المال العام المستثمر فى أصول  (وسائل نقل,6,92130100,liability_non_current,الحسابات النظامية / الحسابات النظامية الدائنة / الحسابات النظامية الدائنة / حسابات نظامية دائنة متنوعة / المال العام المستثمر فى أصول غير مالية / ح/ المال العام المستثمر فى أصول  (وسائل نقل
92130105,ح/ المال العام المستثمر فى أصول (وسائل إنتقال,6,92130100,liability_non_current,الحسابات النظامية / الحسابات النظامية الدائنة / الحسابات النظامية الدائنة / حسابات نظامية دائنة متنوعة / المال العام المستثمر فى أصول غير مالية / ح/ المال العام المستثمر فى أصول (وسائل إنتقال
92130106,ح/ المال العام المستثمر فى أصول  (آلات ومعدات,6,92130100,liability_non_current,الحسابات النظامية / الحسابات النظامية الدائنة / الحسابات النظامية الدائنة / حسابات نظامية دائنة متنوعة / المال العام المستثمر فى أصول غير مالية / ح/ المال العام المستثمر فى أصول  (آلات ومعدات
92130107,ح/ المال العام المستثمر فى أصول   (عدد و أدوات,6,92130100,liability_non_current,الحسابات النظامية / الحسابات النظامية الدائنة / الحسابات النظامية الدائنة / حسابات نظامية دائنة متنوعة / المال العام المستثمر فى أصول غير مالية / ح/ المال العام المستثمر فى أصول   (عدد و أدوات
92130108,ح/ المال العام المستثمر فى أصول  (تجهيزات,6,92130100,liability_non_current,الحسابات النظامية / الحسابات النظامية الدائنة / الحسابات النظامية الدائنة / حسابات نظامية دائنة متنوعة / المال العام المستثمر فى أصول غير مالية / ح/ المال العام المستثمر فى أصول  (تجهيزات
92130109,ح/ المال العام المستثمر فى أصول  ثروة حيوانية و مائية (أصول زراعية),6,92130100,liability_non_current,الحسابات النظامية / الحسابات النظامية الدائنة / الحسابات النظامية الدائنة / حسابات نظامية دائنة متنوعة / المال العام المستثمر فى أصول غير مالية / ح/ المال العام المستثمر فى أصول  ثروة حيوانية و مائية (أصول زراعية)
92130110,ح / المال العام المستثمر في الأصول - أراضي,6,92130100,liability_non_current,الحسابات النظامية / الحسابات النظامية الدائنة / الحسابات النظامية الدائنة / حسابات نظامية دائنة متنوعة / المال العام المستثمر فى أصول غير مالية / ح / المال العام المستثمر في الأصول - أراضي
92130111,ح / المال العام المستثمر في الأصول - مشروعات تحت التنفيذ,6,92130100,liability_non_current,الحسابات النظامية / الحسابات النظامية الدائنة / الحسابات النظامية الدائنة / حسابات نظامية دائنة متنوعة / المال العام المستثمر فى أصول غير مالية / ح / المال العام المستثمر في الأصول - مشروعات تحت التنفيذ
92130112,ح / المال العام المستثمر في الأصول - أصول أخرى,6,92130100,liability_non_current,الحسابات النظامية / الحسابات النظامية الدائنة / الحسابات النظامية الدائنة / حسابات نظامية دائنة متنوعة / المال العام المستثمر فى أصول غير مالية / ح / المال العام المستثمر في الأصول - أصول أخرى
92130200,تسوية مطلوبات ومتأخرات الحكومة,5,92130000,liability_non_current,الحسابات النظامية / الحسابات النظامية الدائنة / الحسابات النظامية الدائنة / حسابات نظامية دائنة متنوعة / تسوية مطلوبات ومتأخرات الحكومة
92130201,ح/ تسوية مطلوبات الحكومة متأخرات,6,92130200,liability_non_current,الحسابات النظامية / الحسابات النظامية الدائنة / الحسابات النظامية الدائنة / حسابات نظامية دائنة متنوعة / تسوية مطلوبات ومتأخرات الحكومة / ح/ تسوية مطلوبات الحكومة متأخرات
92130202,ح/ تسوية مطلوبات الحكومة عن اختلاسات,6,92130200,liability_non_current,الحسابات النظامية / الحسابات النظامية الدائنة / الحسابات النظامية الدائنة / حسابات نظامية دائنة متنوعة / تسوية مطلوبات ومتأخرات الحكومة / ح/ تسوية مطلوبات الحكومة عن اختلاسات
92130203,المبالغ الزائدة عن الحد الأقصى للاجور,6,92130200,liability_non_current,الحسابات النظامية / الحسابات النظامية الدائنة / الحسابات النظامية الدائنة / حسابات نظامية دائنة متنوعة / تسوية مطلوبات ومتأخرات الحكومة / المبالغ الزائدة عن الحد الأقصى للاجور
92130204,تسوية مطلوبات الحكومة -خطابات التزام,6,92130200,liability_non_current,الحسابات النظامية / الحسابات النظامية الدائنة / الحسابات النظامية الدائنة / حسابات نظامية دائنة متنوعة / تسوية مطلوبات ومتأخرات الحكومة / تسوية مطلوبات الحكومة -خطابات التزام
92130205,تسوية مطلوبات - غرامات التصالح في مخالفات البناء وتقنين أوضاعها(أقساط),6,92130200,liability_non_current,الحسابات النظامية / الحسابات النظامية الدائنة / الحسابات النظامية الدائنة / حسابات نظامية دائنة متنوعة / تسوية مطلوبات ومتأخرات الحكومة / تسوية مطلوبات - غرامات التصالح في مخالفات البناء وتقنين أوضاعها(أقساط)
92130206,ح/تسوية مطلوبات -الغير ممكن تحصيلها,6,92130200,liability_non_current,الحسابات النظامية / الحسابات النظامية الدائنة / الحسابات النظامية الدائنة / حسابات نظامية دائنة متنوعة / تسوية مطلوبات ومتأخرات الحكومة / ح/تسوية مطلوبات -الغير ممكن تحصيلها
92130300,حسابات نظامية دائنة جارية,5,92130000,liability_non_current,الحسابات النظامية / الحسابات النظامية الدائنة / الحسابات النظامية الدائنة / حسابات نظامية دائنة متنوعة / حسابات نظامية دائنة جارية
92130301,ح/ الأستخدامات المدفوع عنها مبالغ مقدماً ( جارية ),6,92130300,liability_non_current,الحسابات النظامية / الحسابات النظامية الدائنة / الحسابات النظامية الدائنة / حسابات نظامية دائنة متنوعة / حسابات نظامية دائنة جارية / ح/ الأستخدامات المدفوع عنها مبالغ مقدماً ( جارية )
92130302,ح/ الأستخدامات المدفوع عنها مبالغ مقدماً بونات وقود وقوى محركة,6,92130300,liability_non_current,الحسابات النظامية / الحسابات النظامية الدائنة / الحسابات النظامية الدائنة / حسابات نظامية دائنة متنوعة / حسابات نظامية دائنة جارية / ح/ الأستخدامات المدفوع عنها مبالغ مقدماً بونات وقود وقوى محركة
92130303,ح/ الاعمال والمشتريات المنصرف عنها سلف مؤقته,6,92130300,liability_non_current,الحسابات النظامية / الحسابات النظامية الدائنة / الحسابات النظامية الدائنة / حسابات نظامية دائنة متنوعة / حسابات نظامية دائنة جارية / ح/ الاعمال والمشتريات المنصرف عنها سلف مؤقته
92130304,ح/ الاعمال المدفوع عنها مبالغ على ذمة بدل سفر,6,92130300,liability_non_current,الحسابات النظامية / الحسابات النظامية الدائنة / الحسابات النظامية الدائنة / حسابات نظامية دائنة متنوعة / حسابات نظامية دائنة جارية / ح/ الاعمال المدفوع عنها مبالغ على ذمة بدل سفر
92130305,ح/ الاستخدامات المدفوع عنها مبالغ أمانة أمانة جارى,6,92130300,liability_non_current,الحسابات النظامية / الحسابات النظامية الدائنة / الحسابات النظامية الدائنة / حسابات نظامية دائنة متنوعة / حسابات نظامية دائنة جارية / ح/ الاستخدامات المدفوع عنها مبالغ أمانة أمانة جارى
92130306,ح/ الاعمال المفتوح عنها اعتمادات نقدية بالخارج - جارى,6,92130300,liability_non_current,الحسابات النظامية / الحسابات النظامية الدائنة / الحسابات النظامية الدائنة / حسابات نظامية دائنة متنوعة / حسابات نظامية دائنة جارية / ح/ الاعمال المفتوح عنها اعتمادات نقدية بالخارج - جارى
92130307,ح / الأعمال المدفوعة عنها مبالغ على ذمة بونات وقود وقوى محركة عهدة السيد/ .............,6,92130300,liability_non_current,الحسابات النظامية / الحسابات النظامية الدائنة / الحسابات النظامية الدائنة / حسابات نظامية دائنة متنوعة / حسابات نظامية دائنة جارية / ح / الأعمال المدفوعة عنها مبالغ على ذمة بونات وقود وقوى محركة عهدة السيد/ .............
92130308,الاستخدامات المدفوع عنها مبالغ مستحقة للغير,6,92130300,liability_non_current,الحسابات النظامية / الحسابات النظامية الدائنة / الحسابات النظامية الدائنة / حسابات نظامية دائنة متنوعة / حسابات نظامية دائنة جارية / الاستخدامات المدفوع عنها مبالغ مستحقة للغير
92130400,حسابات نظامية دائنة استثمارية,5,92130000,liability_non_current,الحسابات النظامية / الحسابات النظامية الدائنة / الحسابات النظامية الدائنة / حسابات نظامية دائنة متنوعة / حسابات نظامية دائنة استثمارية
92130401,ح/ الأستخدامات المدفوع عنها مبالغ مقدماً (استثمارية),6,92130400,liability_non_current,الحسابات النظامية / الحسابات النظامية الدائنة / الحسابات النظامية الدائنة / حسابات نظامية دائنة متنوعة / حسابات نظامية دائنة استثمارية / ح/ الأستخدامات المدفوع عنها مبالغ مقدماً (استثمارية)
92130402,ح/ الاعمال المدفوع عنها مبالغ أمانة - أستثمارى,6,92130400,liability_non_current,الحسابات النظامية / الحسابات النظامية الدائنة / الحسابات النظامية الدائنة / حسابات نظامية دائنة متنوعة / حسابات نظامية دائنة استثمارية / ح/ الاعمال المدفوع عنها مبالغ أمانة - أستثمارى
92130403,ح/ استخدامات الاستثمارية المفتوحة عنها اعتمادات نقدية بالخارج,6,92130400,liability_non_current,الحسابات النظامية / الحسابات النظامية الدائنة / الحسابات النظامية الدائنة / حسابات نظامية دائنة متنوعة / حسابات نظامية دائنة استثمارية / ح/ استخدامات الاستثمارية المفتوحة عنها اعتمادات نقدية بالخارج
92130404,ح/ المبالغ المستحقة عن الاعمال والتوريدات بالباب السادس و لم تسدد,6,92130400,liability_non_current,الحسابات النظامية / الحسابات النظامية الدائنة / الحسابات النظامية الدائنة / حسابات نظامية دائنة متنوعة / حسابات نظامية دائنة استثمارية / ح/ المبالغ المستحقة عن الاعمال والتوريدات بالباب السادس و لم تسدد
92130500,تأمينات  عن كفالات بموجب خطاب ضمان,5,92130000,liability_non_current,الحسابات النظامية / الحسابات النظامية الدائنة / الحسابات النظامية الدائنة / حسابات نظامية دائنة متنوعة / تأمينات  عن كفالات بموجب خطاب ضمان
92130501,ح/ تأمينات عن كفالات نهائية,6,92130500,liability_non_current,الحسابات النظامية / الحسابات النظامية الدائنة / الحسابات النظامية الدائنة / حسابات نظامية دائنة متنوعة / تأمينات  عن كفالات بموجب خطاب ضمان / ح/ تأمينات عن كفالات نهائية
92130502,ح/ تأمينات عن كفالات مؤقتة,6,92130500,liability_non_current,الحسابات النظامية / الحسابات النظامية الدائنة / الحسابات النظامية الدائنة / حسابات نظامية دائنة متنوعة / تأمينات  عن كفالات بموجب خطاب ضمان / ح/ تأمينات عن كفالات مؤقتة
92130503,ح/ تأمينات عن كفالات دفعات مقدمة,6,92130500,liability_non_current,الحسابات النظامية / الحسابات النظامية الدائنة / الحسابات النظامية الدائنة / حسابات نظامية دائنة متنوعة / تأمينات  عن كفالات بموجب خطاب ضمان / ح/ تأمينات عن كفالات دفعات مقدمة
92130504,تأمينات الغير -نهائية مقابل خطاب التزام,6,92130500,liability_non_current,الحسابات النظامية / الحسابات النظامية الدائنة / الحسابات النظامية الدائنة / حسابات نظامية دائنة متنوعة / تأمينات  عن كفالات بموجب خطاب ضمان / تأمينات الغير -نهائية مقابل خطاب التزام
92130505,تأمينات الغير -مؤقتة مقابل خطاب التزام,6,92130500,liability_non_current,الحسابات النظامية / الحسابات النظامية الدائنة / الحسابات النظامية الدائنة / حسابات نظامية دائنة متنوعة / تأمينات  عن كفالات بموجب خطاب ضمان / تأمينات الغير -مؤقتة مقابل خطاب التزام
92130600,حسابات نظامية دائنة متنوعة أخرى,5,92130000,liability_non_current,الحسابات النظامية / الحسابات النظامية الدائنة / الحسابات النظامية الدائنة / حسابات نظامية دائنة متنوعة / حسابات نظامية دائنة متنوعة أخرى
92130601,ح/ المأخوذ من شركات القطاع العام (5% سندات حكومية),6,92130600,liability_non_current,الحسابات النظامية / الحسابات النظامية الدائنة / الحسابات النظامية الدائنة / حسابات نظامية دائنة متنوعة / حسابات نظامية دائنة متنوعة أخرى / ح/ المأخوذ من شركات القطاع العام (5% سندات حكومية)
92130602,ح/ أرباح مشروع رأس المال,6,92130600,liability_non_current,الحسابات النظامية / الحسابات النظامية الدائنة / الحسابات النظامية الدائنة / حسابات نظامية دائنة متنوعة / حسابات نظامية دائنة متنوعة أخرى / ح/ أرباح مشروع رأس المال
92130603,ح/ ارباح تشغيل مشروع معامل دراسية,6,92130600,liability_non_current,الحسابات النظامية / الحسابات النظامية الدائنة / الحسابات النظامية الدائنة / حسابات نظامية دائنة متنوعة / حسابات نظامية دائنة متنوعة أخرى / ح/ ارباح تشغيل مشروع معامل دراسية
92130604,ح/ حسابات نظامية دائنة أخرى,6,92130600,liability_non_current,الحسابات النظامية / الحسابات النظامية الدائنة / الحسابات النظامية الدائنة / حسابات نظامية دائنة متنوعة / حسابات نظامية دائنة متنوعة أخرى / ح/ حسابات نظامية دائنة أخرى
92130605,ح/ القروض الممنوحة للشركات,6,92130600,liability_non_current,الحسابات النظامية / الحسابات النظامية الدائنة / الحسابات النظامية الدائنة / حسابات نظامية دائنة متنوعة / حسابات نظامية دائنة متنوعة أخرى / ح/ القروض الممنوحة للشركات
